1,7939,15367,28748,41774,49603,49668,61390,63450,64153,65326,67271,71952,90295,114785
R-HSA-1059683,0,0,0,0,0,0,0,0,0,0,0,0,0,0
R-HSA-109704,0,0,0,0,0,0,0,0,0,0,0,0,0,0
R-HSA-110056,0,0,0,0,0,0,0,0,0,0,0,0,0,0
R-HSA-110312,0,0,0,0,0,0,0,0,0,0,0,0,0,0
R-HSA-110320,0,0,0,0,0,0,0,0,0,0,0,0,0,0
R-HSA-110329,0,0,0,0,0,0,0,0,0,0,0,0,0,0
R-HSA-110331,0,0,0,0,0,0,0,0,0,0,0,0,0,0
R-HSA-110362,0,0,0,0,0,0,0,0,0,0,0,0,0,0
R-HSA-110373,0,0,0,0,0,0,0,0,0,0,0,0,0,0
R-HSA-110381,0,0,0,0,0,0,0,0,0,0,0,0,0,0
R-HSA-111446,0,0,0,0,0,0,0,0,0,0,0,0,0,0
R-HSA-111447,0,0,0,0,0,0,0,0,0,0,0,0,0,0
R-HSA-111458,0,0,0,0,0,0,0,0,0,0,0,0,0,0
R-HSA-111459,0,0,0,0,0,0,0,0,0,0,0,0,0,0
R-HSA-111931,0,0,0,0,0,0,0,0,0,0,0,0,0,0
R-HSA-111932,0,0,0,0,0,0,0,0,0,0,0,0,0,0
R-HSA-111933,0,0,0,0,0,0,0,0,0,0,0,0,0,0
R-HSA-111957,0,0,0,0,0,0,0,0,0,0,0,0,0,0
R-HSA-111995,0,0,0,0,0,0,0,0,0,0,0,0,0,0
R-HSA-111997,0,0,0,0,0,0,0,0,0,0,0,0,0,0
R-HSA-112043,0,0,0,0,0,0,0,0,0,0,0,0,0,0
R-HSA-112122,0,0,0,0,0,0,0,0,0,0,0,0,0,0
R-HSA-112126,0,0,0,0,0,0,0,0,0,0,0,0,0,0
R-HSA-112303,0,0,0,0,0,0,0,0,0,0,0,0,0,0
R-HSA-112308,0,0,0,0,0,0,0,0,0,0,0,0,0,0
R-HSA-112310,0,0,0,0,0,0,0,0,0,0,0,0,0,0
R-HSA-112311,0,0,0,0,0,0,0,0,0,0,0,0,0,0
R-HSA-112314,0,0,0,0,0,0,0,0,0,0,0,0,0,0
R-HSA-112382,0,0,0,0,0,0,0,0,0,0,0,0,0,0
R-HSA-112409,0,0,0,0,0,0,0,0,0,0,0,0,0,0
R-HSA-112411,0,0,0,0,0,0,0,0,0,0,0,0,0,0
R-HSA-112412,0,0,0,0,0,0,0,0,0,0,0,0,0,0
R-HSA-113418,0,0,0,0,0,0,0,0,0,0,0,0,0,0
R-HSA-114508,0,0,0,0,0,0,0,0,0,0,0,0,0,0
R-HSA-114516,0,0,0,0,0,0,0,0,0,0,0,0,0,0
R-HSA-114604,0,0,0,0,0,0,0,0,0,0,0,0,0,0
R-HSA-114608,0,0,0,0,0,0,0,0,0,0,0,0,0,0
R-HSA-1169091,0,0,0,0,0,0,0,0,0,0,0,0,0,0
R-HSA-1169092,0,0,0,0,0,0,0,0,0,0,0,0,0,0
R-HSA-1169408,0,0,0,0,0,0,0,0,0,0,0,0,0,0
R-HSA-1170546,0,0,0,0,0,0,0,0,0,0,0,0,0,0
R-HSA-1181150,0,0,0,0,0,0,0,0,0,0,0,0,0,0
R-HSA-1221632,0,0,0,0,0,0,0,0,0,0,0,0,0,0
R-HSA-1222387,0,0,0,0,0,0,0,0,0,0,0,0,0,0
R-HSA-1222449,0,0,0,0,0,0,0,0,0,0,0,0,0,0
R-HSA-1222538,0,0,0,0,0,0,0,0,0,0,0,0,0,0
R-HSA-1222541,0,0,0,0,0,0,0,0,0,0,0,0,0,0
R-HSA-1222556,0,0,0,0,0,0,0,0,0,0,0,0,0,0
R-HSA-1227986,0,0,0,0,0,0,0,0,0,0,0,0,0,0
R-HSA-1234158,0,0,0,0,0,0,0,0,0,0,0,0,0,0
R-HSA-1234174,0,0,0,0,0,0,0,0,0,0,0,0,0,0
R-HSA-1234176,0,0,0,0,0,0,0,0,0,0,0,0,0,0
R-HSA-1236382,0,0,0,0,1,1,1,0,1,0,0,0,0,1
R-HSA-1236394,0,0,0,0,0,0,0,0,0,0,0,0,0,0
R-HSA-1236973,0,0,0,0,0,0,0,0,0,0,0,0,0,0
R-HSA-1236974,0,0,0,0,0,0,0,0,0,0,0,0,0,0
R-HSA-1236977,0,0,0,0,0,0,0,0,0,0,0,0,0,0
R-HSA-1236978,0,0,0,0,0,0,0,0,0,0,0,0,0,0
R-HSA-1237044,0,0,0,0,0,0,0,0,0,0,0,0,0,0
R-HSA-1237112,0,0,0,0,0,0,0,0,0,0,0,0,0,0
R-HSA-1247673,0,0,0,0,0,0,0,0,0,0,0,0,0,0
R-HSA-1250196,0,0,0,0,0,0,0,0,0,0,0,0,0,0
R-HSA-1250342,0,0,0,0,0,0,0,0,0,0,0,0,0,0
R-HSA-1250347,0,0,0,0,0,0,0,0,0,0,0,0,0,0
R-HSA-1251932,0,0,0,0,0,0,0,0,0,0,0,0,0,0
R-HSA-1251985,0,0,0,0,0,0,0,0,0,0,0,0,0,0
R-HSA-1257604,0,0,0,0,0,0,0,0,0,0,0,0,0,0
R-HSA-1266695,0,0,0,0,0,0,0,0,0,0,0,0,0,0
R-HSA-1268020,0,0,0,0,0,0,0,0,0,0,0,0,0,0
R-HSA-1295596,0,0,0,0,0,0,0,0,0,0,0,0,0,0
R-HSA-1296025,0,0,0,0,0,0,0,0,0,0,0,0,0,0
R-HSA-1296041,0,0,0,0,0,0,0,0,0,0,0,0,0,0
R-HSA-1296052,0,0,0,0,0,0,0,0,0,0,0,0,0,0
R-HSA-1296053,0,0,0,0,0,0,0,0,0,0,0,0,0,0
R-HSA-1296061,0,0,0,0,0,0,0,0,0,0,0,0,0,0
R-HSA-1296067,0,0,0,0,0,0,0,0,0,0,0,0,0,0
R-HSA-1296072,0,0,0,0,0,0,0,0,0,0,0,0,0,0
R-HSA-1299287,0,0,0,0,0,0,0,0,0,0,0,0,0,0
R-HSA-1299308,0,0,0,0,0,0,0,0,0,0,0,0,0,0
R-HSA-1299316,0,0,0,0,0,0,0,0,0,0,0,0,0,0
R-HSA-1299344,0,0,0,0,0,0,0,0,0,0,0,0,0,0
R-HSA-1299361,0,0,0,0,0,0,0,0,0,0,0,0,0,0
R-HSA-1299503,0,0,0,0,0,0,0,0,0,0,0,0,0,0
R-HSA-1300642,0,0,0,0,0,0,0,0,0,0,0,0,0,0
R-HSA-1307965,0,0,0,0,0,0,0,0,0,0,0,0,0,0
R-HSA-1358803,0,0,0,0,0,0,0,0,0,0,0,0,0,0
R-HSA-1362409,0,0,0,0,0,0,0,0,0,0,0,0,0,0
R-HSA-1368071,0,0,0,0,0,0,0,0,0,0,0,0,0,0
R-HSA-1368082,0,0,0,0,0,0,0,0,0,0,0,0,0,0
R-HSA-1368108,0,0,0,0,0,0,0,0,0,0,0,0,0,0
R-HSA-1369007,0,0,0,0,0,0,0,0,0,0,0,0,0,0
R-HSA-1369062,0,0,0,0,0,0,0,0,0,0,0,0,0,0
R-HSA-139853,0,0,0,0,0,0,0,0,0,0,0,0,0,0
R-HSA-139910,0,0,0,0,0,0,0,0,0,0,0,0,0,0
R-HSA-140180,0,0,0,0,0,0,0,0,0,0,0,0,0,0
R-HSA-140342,0,0,0,0,0,0,0,0,0,0,0,0,0,0
R-HSA-140534,0,0,0,0,0,0,0,0,0,0,0,0,0,0
R-HSA-140834,0,0,0,0,0,0,0,0,0,0,0,0,0,0
R-HSA-140837,0,0,0,0,0,0,0,0,0,0,0,0,0,0
R-HSA-140875,0,0,0,0,0,0,0,0,0,0,0,0,0,0
R-HSA-141333,0,0,0,0,0,0,0,0,0,0,0,0,0,0
R-HSA-141334,0,0,0,0,0,0,0,0,0,0,0,0,0,0
R-HSA-1433557,0,0,0,0,0,0,0,0,0,0,0,0,0,0
R-HSA-1433559,0,0,0,0,0,0,0,0,0,0,0,0,0,0
R-HSA-1442490,0,0,0,0,0,0,0,0,0,0,0,0,0,0
R-HSA-1445148,0,0,0,0,0,0,0,0,0,0,0,0,0,0
R-HSA-1461957,0,0,0,0,0,0,0,0,0,0,0,0,0,0
R-HSA-1461973,0,0,0,0,0,0,0,0,0,0,0,0,0,0
R-HSA-1462054,0,0,0,0,0,0,0,0,0,0,0,0,0,0
R-HSA-1474151,0,0,0,0,0,0,0,0,0,0,0,0,0,0
R-HSA-1474228,0,0,0,0,0,0,0,0,0,0,0,0,0,0
R-HSA-1475029,0,0,0,0,0,0,0,0,0,0,0,0,0,0
R-HSA-1482788,0,0,0,0,0,0,0,0,0,0,0,0,0,0
R-HSA-1482798,0,0,0,0,0,0,0,0,0,0,0,0,0,0
R-HSA-1482801,0,0,0,0,0,0,0,0,0,0,0,0,0,0
R-HSA-1482839,0,0,0,0,0,0,0,0,0,0,0,0,0,0
R-HSA-1482883,0,0,0,0,0,0,0,0,0,0,0,0,0,0
R-HSA-1482922,0,0,0,0,0,0,0,0,0,0,0,0,0,0
R-HSA-1482925,0,0,0,0,0,0,0,0,0,0,0,0,0,0
R-HSA-1483076,0,0,0,0,0,0,0,0,0,0,0,0,0,0
R-HSA-1483101,0,0,0,0,0,0,0,0,0,0,0,0,0,0
R-HSA-1483115,0,0,0,0,0,0,0,0,0,0,0,0,0,0
R-HSA-1483148,0,0,0,0,0,0,0,0,0,0,0,0,0,0
R-HSA-1483152,0,0,0,0,0,0,0,0,0,0,0,0,0,0
R-HSA-1483166,0,0,0,0,0,0,0,0,0,0,0,0,0,0
R-HSA-1483171,0,0,0,0,0,0,0,0,0,0,0,0,0,0
R-HSA-1483191,0,0,0,0,0,0,0,0,0,0,0,0,0,0
R-HSA-1483196,0,0,0,0,0,0,0,0,0,0,0,0,0,0
R-HSA-1483206,0,0,0,0,0,0,0,0,0,0,0,0,0,0
R-HSA-1483213,0,0,0,0,0,0,0,0,0,0,0,0,0,0
R-HSA-1483226,0,0,0,0,0,0,0,0,0,0,0,0,0,0
R-HSA-1483248,0,0,0,0,0,0,0,0,0,0,0,0,0,0
R-HSA-1483255,0,0,0,0,0,0,0,0,0,0,0,0,0,0
R-HSA-1489509,0,0,0,0,0,0,0,0,0,0,0,0,0,0
R-HSA-1502540,0,0,0,0,0,0,0,0,0,0,0,0,0,0
R-HSA-1538133,0,0,0,0,0,0,0,0,0,0,0,0,0,0
R-HSA-156581,0,0,0,0,0,0,0,0,0,0,0,0,0,0
R-HSA-156582,0,0,0,0,0,0,0,0,0,0,0,0,0,0
R-HSA-156584,0,0,0,0,0,0,0,0,0,0,0,0,0,0
R-HSA-156588,0,0,0,1,0,0,0,0,0,0,0,0,0,0
R-HSA-156590,0,0,0,0,0,0,0,0,0,0,0,0,0,0
R-HSA-1566948,0,0,0,0,0,0,0,0,0,0,0,0,0,0
R-HSA-1566977,0,0,0,0,0,0,0,0,0,0,0,0,0,0
R-HSA-156711,0,0,0,0,0,0,0,0,0,0,0,0,0,0
R-HSA-156827,0,0,0,0,0,0,0,0,0,0,0,0,0,0
R-HSA-156842,0,0,0,0,0,0,0,0,0,0,0,0,0,0
R-HSA-156902,0,0,0,0,0,0,0,0,0,0,0,0,0,0
R-HSA-159236,0,0,0,0,0,0,0,0,0,0,0,0,0,0
R-HSA-1592389,0,0,0,0,0,0,0,0,0,0,0,0,0,0
R-HSA-159418,0,0,0,0,0,0,0,0,0,0,0,0,0,0
R-HSA-159740,0,0,0,0,0,0,0,0,0,0,0,0,0,0
R-HSA-1606341,0,0,0,0,0,0,0,0,0,0,0,0,0,0
R-HSA-1614517,0,0,0,0,0,0,0,0,0,0,0,0,0,0
R-HSA-1614558,0,0,0,0,0,0,0,0,0,0,0,0,0,0
R-HSA-1614603,0,0,0,0,0,0,0,0,0,0,0,0,0,0
R-HSA-1614635,0,0,0,0,0,0,0,0,0,0,0,0,0,0
R-HSA-162599,0,0,0,0,0,0,0,0,0,0,0,0,0,0
R-HSA-162658,0,0,0,0,0,0,0,0,0,0,0,0,0,0
R-HSA-162699,0,0,0,0,0,0,0,0,0,0,0,0,0,0
R-HSA-162710,0,0,0,0,0,0,0,0,0,0,0,0,0,0
R-HSA-162791,0,0,0,0,0,0,0,0,0,0,0,0,0,0
R-HSA-163125,0,0,0,0,0,0,0,0,0,0,0,0,0,0
R-HSA-163210,0,0,0,0,0,0,0,0,0,0,0,0,0,0
R-HSA-1632852,0,0,0,0,0,0,0,0,0,0,0,0,0,0
R-HSA-163358,0,0,0,0,0,0,0,0,0,0,0,0,0,0
R-HSA-163359,0,0,0,0,0,0,0,0,0,0,0,0,0,0
R-HSA-163560,0,0,0,0,0,0,0,0,0,0,0,0,0,0
R-HSA-163615,0,0,0,0,0,0,0,0,0,0,0,0,0,0
R-HSA-163680,0,0,0,0,0,0,0,0,0,0,0,0,0,0
R-HSA-163685,0,0,0,0,0,0,0,0,0,0,0,0,0,0
R-HSA-163754,0,0,0,0,0,0,0,0,0,0,0,0,0,0
R-HSA-163767,0,0,0,0,0,0,0,0,0,0,0,0,0,0
R-HSA-163841,0,0,0,0,0,0,0,0,0,0,0,0,0,0
R-HSA-164378,0,0,0,0,0,0,0,0,0,0,0,0,0,0
R-HSA-164516,0,0,0,0,0,0,0,0,0,0,0,0,0,0
R-HSA-165054,0,0,0,0,0,0,0,0,0,0,0,0,0,0
R-HSA-1650814,0,0,0,0,0,0,0,0,0,0,0,0,0,0
R-HSA-165158,0,0,0,0,0,0,0,0,0,0,0,0,0,0
R-HSA-165159,0,0,0,0,0,0,0,0,0,0,0,0,0,0
R-HSA-165160,0,0,0,0,0,0,0,0,0,0,0,0,0,0
R-HSA-165181,0,0,0,0,0,0,0,0,0,0,0,0,0,0
R-HSA-1655829,0,0,0,0,0,0,0,0,0,0,0,0,0,0
R-HSA-166016,0,0,0,0,0,0,0,0,0,0,0,0,0,0
R-HSA-166020,0,0,0,0,0,0,0,0,0,0,0,0,0,0
R-HSA-1660499,0,0,0,0,0,0,0,0,0,0,0,0,0,0
R-HSA-1660502,0,0,0,0,0,0,0,0,0,0,0,0,0,0
R-HSA-1660508,0,0,0,0,0,0,0,0,0,0,0,0,0,0
R-HSA-1660510,0,0,0,0,0,0,0,0,0,0,0,0,0,0
R-HSA-1660514,0,0,0,0,0,0,0,0,0,0,0,0,0,0
R-HSA-1660516,0,0,0,0,0,0,0,0,0,0,0,0,0,0
R-HSA-1660517,0,0,0,0,0,0,0,0,0,0,0,0,0,0
R-HSA-1660524,0,0,0,0,0,0,0,0,0,0,0,0,0,0
R-HSA-1660537,0,0,0,0,0,0,0,0,0,0,0,0,0,0
R-HSA-166058,0,0,0,0,0,0,0,0,0,0,0,0,0,0
R-HSA-1660661,0,0,0,0,0,0,0,0,0,0,0,0,0,0
R-HSA-1660662,0,0,0,0,0,0,0,0,0,0,0,0,0,0
R-HSA-166166,0,0,0,0,0,0,0,0,0,0,0,0,0,0
R-HSA-166208,0,0,0,0,0,0,0,0,0,0,0,0,0,0
R-HSA-1663150,0,0,0,0,0,0,0,0,0,0,0,0,0,0
R-HSA-166662,0,0,0,0,0,0,0,0,0,0,0,0,0,0
R-HSA-166663,0,0,0,0,0,0,0,0,0,0,0,0,0,0
R-HSA-167021,0,0,0,0,0,0,0,0,0,0,0,0,0,0
R-HSA-167044,0,0,0,0,0,0,0,0,0,0,0,0,0,0
R-HSA-167060,0,0,0,0,0,0,0,0,0,0,0,0,0,0
R-HSA-167152,0,0,0,0,0,0,0,0,0,0,0,0,0,0
R-HSA-167158,0,0,0,0,0,0,0,0,0,0,0,0,0,0
R-HSA-167160,0,0,0,0,0,0,0,0,0,0,0,0,0,0
R-HSA-167161,0,0,0,0,0,0,0,0,0,0,0,0,0,0
R-HSA-167162,0,0,0,0,0,0,0,0,0,0,0,0,0,0
R-HSA-167172,0,0,0,0,0,0,0,0,0,0,0,0,0,0
R-HSA-167200,0,0,0,0,0,0,0,0,0,0,0,0,0,0
R-HSA-167238,0,0,0,0,0,0,0,0,0,0,0,0,0,0
R-HSA-167242,0,0,0,0,0,0,0,0,0,0,0,0,0,0
R-HSA-167243,0,0,0,0,0,0,0,0,0,0,0,0,0,0
R-HSA-167246,0,0,0,0,0,0,0,0,0,0,0,0,0,0
R-HSA-167287,0,0,0,0,0,0,0,0,0,0,0,0,0,0
R-HSA-167290,0,0,0,0,0,0,0,0,0,0,0,0,0,0
R-HSA-167826,0,0,0,0,0,0,0,0,0,0,0,0,0,0
R-HSA-167827,0,0,0,0,0,0,0,0,0,0,0,0,0,0
R-HSA-1679131,0,0,0,0,0,0,0,0,0,0,0,0,0,0
R-HSA-168164,0,0,0,0,0,0,0,0,0,0,0,0,0,0
R-HSA-168179,0,0,0,0,0,0,0,0,0,0,0,0,0,0
R-HSA-168181,0,0,0,0,0,0,0,0,0,0,0,0,0,0
R-HSA-168188,0,0,0,0,0,0,0,0,0,0,0,0,0,0
R-HSA-168255,0,0,0,0,0,0,0,0,0,0,0,0,0,0
R-HSA-168275,0,0,0,0,0,0,0,0,0,0,0,0,0,0
R-HSA-168298,0,0,0,0,0,0,0,0,0,0,0,0,0,0
R-HSA-168302,0,0,0,0,0,0,0,0,0,0,0,0,0,0
R-HSA-168325,0,0,0,0,0,0,0,0,0,0,0,0,0,0
R-HSA-168333,0,0,0,0,0,0,0,0,0,0,0,0,0,0
R-HSA-168336,0,0,0,0,0,0,0,0,0,0,0,0,0,0
R-HSA-168638,0,0,0,0,0,0,0,0,0,0,0,0,0,0
R-HSA-168927,0,0,0,0,0,0,0,0,0,0,0,0,0,0
R-HSA-168928,0,0,0,0,0,0,0,0,0,0,0,0,0,0
R-HSA-169911,0,0,0,0,0,0,0,0,0,0,0,0,0,0
R-HSA-170145,0,0,0,0,0,0,0,0,0,0,0,0,0,0
R-HSA-170660,0,0,0,0,0,0,0,0,0,0,0,0,0,0
R-HSA-170670,0,0,0,0,0,0,0,0,0,0,0,0,0,0
R-HSA-170822,0,0,0,0,0,0,0,0,0,0,0,0,0,0
R-HSA-170968,0,0,0,0,0,0,0,0,0,0,0,0,0,0
R-HSA-170984,0,0,0,0,0,0,0,0,0,0,0,0,0,0
R-HSA-171007,0,0,0,0,0,0,0,0,0,0,0,0,0,0
R-HSA-171306,0,0,0,0,0,0,0,0,0,0,0,0,0,0
R-HSA-171319,0,0,0,0,0,0,0,0,0,0,0,0,0,0
R-HSA-173599,0,0,0,0,0,0,0,0,0,0,0,0,0,0
R-HSA-173623,0,0,0,0,0,0,0,0,0,0,0,0,0,0
R-HSA-173736,0,0,0,0,0,0,0,0,0,0,0,0,0,0
R-HSA-174362,0,0,0,0,0,0,0,0,0,0,0,0,0,0
R-HSA-174403,0,0,0,0,0,0,0,0,0,0,0,0,0,0
R-HSA-174411,0,0,0,0,0,0,0,0,0,0,0,0,0,0
R-HSA-174414,0,0,0,0,0,0,0,0,0,0,0,0,0,0
R-HSA-174417,0,0,0,0,0,0,0,0,0,0,0,0,0,0
R-HSA-174430,0,0,0,0,0,0,0,0,0,0,0,0,0,0
R-HSA-174437,0,0,0,0,0,0,0,0,0,0,0,0,0,0
R-HSA-174490,0,0,0,0,0,0,0,0,0,0,0,0,0,0
R-HSA-176187,0,0,0,0,0,0,0,0,0,0,0,0,0,0
R-HSA-176407,0,0,0,0,0,0,0,0,0,0,0,0,0,0
R-HSA-176408,0,0,0,0,0,0,0,0,0,0,0,0,0,0
R-HSA-176417,0,0,0,0,0,0,0,0,0,0,0,0,0,0
R-HSA-177128,0,0,0,0,0,0,0,0,0,0,0,0,0,0
R-HSA-177135,0,0,0,0,0,0,0,0,0,0,0,0,0,0
R-HSA-177162,0,0,0,0,0,0,0,0,0,0,0,0,0,0
R-HSA-177504,0,0,0,0,0,0,0,0,0,0,0,0,0,0
R-HSA-177929,0,0,0,0,0,0,0,0,0,0,0,0,0,0
R-HSA-179812,0,0,0,0,0,0,0,0,0,0,0,0,0,0
R-HSA-1799339,0,0,0,0,0,0,0,0,0,0,0,0,0,0
R-HSA-180024,0,0,0,0,0,0,0,0,0,0,0,0,0,0
R-HSA-180292,0,0,0,0,0,0,0,0,0,0,0,0,0,0
R-HSA-180336,0,0,0,0,0,0,0,0,0,0,0,0,0,0
R-HSA-180689,0,0,0,0,0,0,0,0,0,0,0,0,0,0
R-HSA-180746,0,0,0,0,0,0,0,0,0,0,0,0,0,0
R-HSA-1810476,0,0,0,0,0,0,0,0,0,0,0,0,0,0
R-HSA-181429,0,0,0,0,0,0,0,0,0,0,0,0,0,0
R-HSA-181430,0,0,0,0,0,0,0,0,0,0,0,0,0,0
R-HSA-182971,0,0,0,0,0,0,0,0,0,0,0,0,0,0
R-HSA-1834941,0,0,0,0,0,0,0,0,0,0,0,0,0,0
R-HSA-1834949,0,0,0,0,0,0,0,0,0,0,0,0,0,0
R-HSA-1839117,0,0,0,0,0,0,0,0,0,0,0,0,0,0
R-HSA-1839120,0,0,0,0,0,0,0,0,0,0,0,0,0,0
R-HSA-1839122,0,0,0,0,0,0,0,0,0,0,0,0,0,0
R-HSA-1839128,0,0,0,0,0,0,0,0,0,0,0,0,0,0
R-HSA-1839130,0,0,0,0,0,0,0,0,0,0,0,0,0,0
R-HSA-1855156,0,0,0,0,0,0,0,0,0,0,0,0,0,0
R-HSA-1855167,0,0,0,0,0,0,0,0,0,0,0,0,0,0
R-HSA-1855170,0,0,0,0,0,0,0,0,0,0,0,0,0,0
R-HSA-1855183,0,0,0,0,0,0,0,0,0,0,0,0,0,0
R-HSA-1855184,0,0,0,0,0,0,0,0,0,0,0,0,0,0
R-HSA-1855191,0,0,0,0,0,0,0,0,0,0,0,0,0,0
R-HSA-1855192,0,0,0,0,0,0,0,0,0,0,0,0,0,0
R-HSA-1855196,0,0,0,0,0,0,0,0,0,0,0,0,0,0
R-HSA-1855204,0,0,0,0,0,0,0,0,0,0,0,0,0,0
R-HSA-1855215,0,0,0,0,0,0,0,0,0,0,0,0,0,0
R-HSA-1855229,0,0,0,0,0,0,0,0,0,0,0,0,0,0
R-HSA-1855231,0,0,0,0,0,0,0,0,0,0,0,0,0,0
R-HSA-186763,0,0,0,0,0,0,0,0,0,0,0,0,0,0
R-HSA-186797,0,0,0,0,0,0,0,0,0,0,0,0,0,0
R-HSA-187024,0,0,0,0,0,0,0,0,0,0,0,0,0,0
R-HSA-187042,0,0,0,0,0,0,0,0,0,0,0,0,0,0
R-HSA-187577,0,0,0,0,0,0,0,0,0,0,0,0,0,0
R-HSA-187706,0,0,0,0,0,0,0,0,0,0,0,0,0,0
R-HSA-189085,0,0,0,0,0,0,0,0,0,0,0,0,0,0
R-HSA-189200,0,0,0,0,0,0,0,0,0,0,0,0,0,0
R-HSA-189451,0,0,0,0,0,0,0,0,0,0,0,0,0,0
R-HSA-189483,0,0,0,0,0,0,0,0,0,0,0,0,0,0
R-HSA-190322,0,0,0,0,0,0,0,0,0,0,0,0,0,0
R-HSA-190370,0,0,0,0,0,0,0,0,0,0,0,0,0,0
R-HSA-190371,0,0,0,0,0,0,0,0,0,0,0,0,0,0
R-HSA-190372,0,0,0,0,0,0,0,0,0,0,0,0,0,0
R-HSA-190373,0,0,0,0,0,0,0,0,0,0,0,0,0,0
R-HSA-190374,0,0,0,0,0,0,0,0,0,0,0,0,0,0
R-HSA-190375,0,0,0,0,0,0,0,0,0,0,0,0,0,0
R-HSA-190377,0,0,0,0,0,0,0,0,0,0,0,0,0,0
R-HSA-190840,0,0,0,0,0,0,0,0,0,0,0,0,0,0
R-HSA-190861,0,0,0,0,0,0,0,0,0,0,0,0,0,0
R-HSA-1912399,0,0,0,0,0,0,0,0,0,0,0,0,0,0
R-HSA-1912408,0,0,0,0,0,0,0,0,0,0,0,0,0,0
R-HSA-1912420,0,0,0,0,0,0,0,0,0,0,0,0,0,0
R-HSA-191273,0,0,0,0,0,0,0,0,0,0,0,0,0,0
R-HSA-191650,0,0,0,0,0,0,0,0,0,0,0,0,0,0
R-HSA-191859,0,0,0,0,0,0,0,0,0,0,0,0,0,0
R-HSA-192105,0,0,0,0,0,0,0,0,0,0,0,0,0,0
R-HSA-192456,0,0,0,0,0,0,0,0,0,0,0,0,0,0
R-HSA-192814,0,0,0,0,0,0,0,0,0,0,0,0,0,0
R-HSA-192823,0,0,0,0,0,0,0,0,0,0,0,0,0,0
R-HSA-192869,0,0,0,0,0,0,0,0,0,0,0,0,0,0
R-HSA-193048,0,0,0,0,0,0,0,0,0,0,0,0,0,0
R-HSA-193144,0,0,0,0,0,0,0,0,0,0,0,0,0,0
R-HSA-193368,0,0,0,0,0,0,0,0,0,0,0,0,0,0
R-HSA-193634,0,0,0,0,0,0,0,0,0,0,0,0,0,0
R-HSA-193648,0,0,0,0,0,0,0,0,0,0,0,0,0,0
R-HSA-193681,0,0,0,0,0,0,0,0,0,0,0,0,0,0
R-HSA-193692,0,0,0,0,0,0,0,0,0,0,0,0,0,0
R-HSA-193775,0,0,0,0,0,0,0,0,0,0,0,0,0,0
R-HSA-193807,0,0,0,0,0,0,0,0,0,0,0,0,0,0
R-HSA-193993,0,0,0,0,0,0,0,0,0,0,0,0,0,0
R-HSA-194002,0,0,0,0,0,0,0,0,0,0,0,0,0,0
R-HSA-194840,0,0,0,0,0,0,0,0,0,0,0,0,0,0
R-HSA-195253,0,0,0,0,0,0,0,0,0,0,0,0,0,0
R-HSA-196108,0,0,0,0,0,0,0,0,0,0,0,0,0,0
R-HSA-196299,0,0,0,0,0,0,0,0,0,0,0,0,0,0
R-HSA-1963640,0,0,0,0,0,0,0,0,0,0,0,0,0,0
R-HSA-1963642,0,0,0,0,0,0,0,0,0,0,0,0,0,0
R-HSA-196741,0,0,0,0,0,0,0,0,0,0,0,0,0,0
R-HSA-196757,0,0,0,0,0,0,0,0,0,0,0,0,0,0
R-HSA-196780,0,0,0,0,0,0,0,0,0,0,0,0,0,0
R-HSA-196783,0,0,0,0,0,0,0,0,0,0,0,0,0,0
R-HSA-196791,0,0,0,0,0,0,0,0,0,0,0,0,0,0
R-HSA-196807,0,0,0,0,0,0,0,0,0,0,0,0,0,0
R-HSA-196819,0,0,0,0,0,0,0,0,0,0,0,0,0,0
R-HSA-196836,0,0,0,0,0,0,0,0,0,0,0,0,0,0
R-HSA-196843,0,0,0,0,0,0,0,0,0,0,0,0,0,0
R-HSA-1971475,0,0,0,0,0,0,0,0,0,0,0,0,0,0
R-HSA-197264,0,0,0,0,0,0,0,0,0,0,0,0,0,0
R-HSA-198203,0,0,0,0,0,0,0,0,0,0,0,0,0,0
R-HSA-198323,0,0,0,0,0,0,0,0,0,0,0,0,0,0
R-HSA-198693,0,0,0,0,0,0,0,0,0,0,0,0,0,0
R-HSA-198745,0,0,0,0,0,0,0,0,0,0,0,0,0,0
R-HSA-198753,0,0,0,0,0,0,0,0,0,0,0,0,0,0
R-HSA-198765,0,0,0,0,0,0,0,0,0,0,0,0,0,0
R-HSA-198933,0,0,0,0,0,0,0,0,0,0,0,0,0,0
R-HSA-1989781,0,0,0,0,0,0,0,0,0,0,0,0,0,0
R-HSA-199220,0,0,0,0,0,0,0,0,0,0,0,0,0,0
R-HSA-199418,0,0,0,0,0,0,0,0,0,0,0,0,0,0
R-HSA-199920,0,0,0,0,0,0,0,0,0,0,0,0,0,0
R-HSA-199992,0,0,0,0,0,0,0,0,0,0,0,0,0,0
R-HSA-200425,0,1,0,0,0,0,0,0,0,0,0,0,0,0
R-HSA-201451,0,0,0,0,0,0,0,0,0,0,0,0,0,0
R-HSA-201681,0,0,0,0,0,0,0,0,0,0,0,0,0,0
R-HSA-201688,0,0,0,0,0,0,0,0,0,0,0,0,0,0
R-HSA-201722,0,0,0,0,0,0,0,0,0,0,0,0,0,0
R-HSA-202040,0,0,0,0,0,0,0,0,0,0,0,0,0,0
R-HSA-2022377,0,0,0,0,0,0,0,0,0,0,0,0,0,0
R-HSA-2022854,0,0,0,0,0,0,0,0,0,0,0,0,0,0
R-HSA-2022857,0,0,0,0,0,0,0,0,0,0,0,0,0,0
R-HSA-2022870,0,0,0,0,0,0,0,0,0,0,0,0,0,0
R-HSA-2022923,0,0,0,0,0,0,0,0,0,0,0,0,0,0
R-HSA-2022928,0,0,0,0,0,0,0,0,0,0,0,0,0,0
R-HSA-2023837,0,0,0,0,0,0,0,0,0,0,0,0,0,0
R-HSA-2024096,0,0,0,0,0,0,0,0,0,0,0,0,0,0
R-HSA-2024101,0,0,0,0,0,0,0,0,0,0,0,0,0,0
R-HSA-202424,0,0,0,0,0,0,0,0,0,0,0,0,0,0
R-HSA-202427,0,0,0,0,0,0,0,0,0,0,0,0,0,0
R-HSA-202430,0,0,0,0,0,0,0,0,0,0,0,0,0,0
R-HSA-202433,0,0,0,0,0,0,0,0,0,0,0,0,0,0
R-HSA-2025928,0,0,0,0,0,0,0,0,0,0,0,0,0,0
R-HSA-202670,0,0,0,0,0,0,0,0,0,0,0,0,0,0
R-HSA-202733,0,0,0,0,0,0,0,0,0,0,0,0,0,0
R-HSA-2028269,0,0,0,0,0,0,0,0,0,0,0,0,0,0
R-HSA-2029481,0,0,0,0,0,0,0,0,0,0,0,0,0,0
R-HSA-2029482,0,0,0,0,0,0,0,0,0,0,0,0,0,0
R-HSA-2029485,0,0,0,0,0,0,0,0,0,0,0,0,0,0
R-HSA-2033514,0,0,0,0,0,0,0,1,0,0,0,0,0,0
R-HSA-2033515,0,0,0,0,0,0,0,0,0,0,0,0,0,0
R-HSA-2033519,0,0,0,0,0,0,0,0,0,0,0,0,0,0
R-HSA-203615,0,0,0,0,0,0,0,0,0,0,0,0,0,0
R-HSA-203641,0,0,0,0,0,0,0,0,0,0,0,0,0,0
R-HSA-203754,0,0,0,0,0,0,0,0,0,0,0,0,0,0
R-HSA-203927,0,0,0,0,0,0,0,0,0,0,0,0,0,0
R-HSA-204005,0,0,0,0,0,0,0,0,0,0,0,0,0,0
R-HSA-204174,0,1,0,0,0,0,0,0,0,0,0,0,0,0
R-HSA-2046105,0,0,0,0,0,0,0,0,0,0,0,0,0,0
R-HSA-2046106,0,0,0,0,0,0,0,0,0,0,0,0,0,0
R-HSA-204626,0,0,0,0,0,0,0,0,0,0,0,0,0,0
R-HSA-205043,0,0,0,0,0,0,0,0,0,0,0,0,0,0
R-HSA-209543,0,0,0,0,0,0,0,0,0,0,0,0,0,0
R-HSA-209560,0,0,0,0,0,0,0,0,0,0,0,0,0,0
R-HSA-209563,0,0,0,0,0,0,0,0,0,0,0,0,0,0
R-HSA-209905,0,0,0,0,0,0,0,0,0,0,0,0,0,0
R-HSA-209931,0,0,0,0,0,0,0,0,0,0,0,0,0,0
R-HSA-209952,0,0,0,0,0,0,0,0,0,0,0,0,0,0
R-HSA-209968,0,0,0,0,0,0,0,0,0,0,0,0,0,0
R-HSA-210455,0,0,0,0,0,0,0,0,0,0,0,0,0,0
R-HSA-210500,0,0,0,0,0,0,0,0,0,0,0,0,0,0
R-HSA-210990,0,0,0,0,0,0,0,0,0,0,0,0,0,0
R-HSA-210991,0,0,0,0,0,0,0,0,0,0,0,0,0,0
R-HSA-210993,0,0,0,0,0,0,0,0,0,0,0,0,0,0
R-HSA-211163,0,0,0,0,0,0,0,0,0,0,0,0,0,0
R-HSA-211736,0,0,0,0,0,0,0,0,0,0,0,0,0,0
R-HSA-211897,0,0,0,0,0,0,0,0,0,0,0,0,0,0
R-HSA-211916,0,1,0,0,0,0,0,0,0,0,0,0,0,0
R-HSA-211935,0,0,0,0,0,0,0,0,0,0,0,0,0,0
R-HSA-211945,0,0,1,0,0,0,0,0,0,0,0,0,0,0
R-HSA-211957,0,0,0,0,0,0,0,0,0,0,0,0,0,0
R-HSA-211958,0,1,0,0,0,0,0,0,0,0,0,0,0,0
R-HSA-211976,0,0,0,0,0,0,0,0,0,0,0,0,0,0
R-HSA-211979,0,0,0,0,0,0,0,0,0,0,0,0,0,0
R-HSA-211981,0,0,0,0,0,0,0,0,0,0,0,0,0,0
R-HSA-211994,0,0,0,0,0,0,0,0,0,0,0,0,0,0
R-HSA-211999,0,0,0,0,0,0,0,0,0,0,0,0,0,0
R-HSA-2122947,0,0,0,0,0,0,0,0,0,0,0,0,0,0
R-HSA-2122948,0,0,0,0,0,0,0,0,0,0,0,0,0,0
R-HSA-212300,0,0,0,0,0,0,0,0,0,0,0,0,0,0
R-HSA-212676,0,0,0,0,0,0,0,0,0,0,0,0,0,0
R-HSA-212718,0,0,0,0,0,0,0,0,0,0,0,0,0,0
R-HSA-2132295,0,0,0,0,0,0,0,0,0,0,0,0,0,0
R-HSA-2142670,0,0,0,0,0,0,0,0,0,0,0,0,0,0
R-HSA-2142688,0,0,0,0,0,0,0,0,0,0,0,0,0,0
R-HSA-2142691,0,0,0,0,0,0,0,0,0,0,0,0,0,0
R-HSA-2142696,0,0,0,0,0,0,0,0,0,0,0,0,0,0
R-HSA-2142700,0,0,0,0,0,0,0,0,0,0,0,0,0,0
R-HSA-2142712,0,0,0,0,0,0,0,0,0,0,0,0,0,0
R-HSA-2142753,0,0,0,0,0,0,0,0,0,0,0,0,0,0
R-HSA-2142770,0,0,0,0,0,0,0,0,0,0,0,0,0,0
R-HSA-2142789,0,0,0,0,0,0,0,0,0,0,0,0,0,0
R-HSA-2142816,0,0,0,0,0,0,0,0,0,0,0,0,0,0
R-HSA-2142850,0,0,0,0,0,0,0,0,0,0,0,0,0,0
R-HSA-2151201,0,0,0,0,0,0,0,0,0,0,0,0,0,0
R-HSA-2151209,0,0,0,0,0,0,0,0,0,0,0,0,0,0
R-HSA-2160456,0,0,0,0,0,0,0,0,0,0,0,0,0,0
R-HSA-216083,0,0,0,0,0,0,0,0,0,0,0,0,0,0
R-HSA-2160916,0,0,0,0,0,0,0,0,0,0,0,0,0,0
R-HSA-2161517,0,0,0,0,0,0,0,0,0,0,0,0,0,0
R-HSA-2161541,0,0,0,0,0,0,0,0,0,0,0,0,0,0
R-HSA-2162123,0,0,0,0,0,0,0,0,0,0,0,0,0,0
R-HSA-2168880,0,0,0,0,0,0,0,0,0,0,0,0,0,0
R-HSA-217271,0,0,0,1,0,0,0,0,0,0,0,0,0,0
R-HSA-2173788,0,0,0,0,0,0,0,0,0,0,0,0,0,0
R-HSA-2173789,0,0,0,0,0,0,0,0,0,0,0,0,0,0
R-HSA-2173791,0,0,0,0,0,0,0,0,0,0,0,0,0,0
R-HSA-2173795,0,0,0,0,0,0,0,0,0,0,0,0,0,0
R-HSA-2173796,0,0,0,0,0,0,0,0,0,0,0,0,0,0
R-HSA-2179392,0,0,0,0,0,0,0,0,0,0,0,0,0,0
R-HSA-2187335,0,0,0,0,0,0,0,0,0,0,0,0,0,0
R-HSA-2206280,0,0,0,0,0,0,0,0,0,0,0,0,0,0
R-HSA-2206282,0,0,0,0,0,0,0,0,0,0,0,0,0,0
R-HSA-2206285,0,0,0,0,0,0,0,0,0,0,0,0,0,0
R-HSA-2206290,0,0,0,0,0,0,0,0,0,0,0,0,0,0
R-HSA-2206291,0,0,0,0,0,0,0,0,0,0,0,0,0,0
R-HSA-2206292,0,0,0,0,0,0,0,0,0,0,0,0,0,0
R-HSA-2206296,0,0,0,0,0,0,0,0,0,0,0,0,0,0
R-HSA-2206302,0,0,0,0,0,0,0,0,0,0,0,0,0,0
R-HSA-2206305,0,0,0,0,0,0,0,0,0,0,0,0,0,0
R-HSA-2206307,0,0,0,0,0,0,0,0,0,0,0,0,0,0
R-HSA-2206308,0,0,0,0,0,0,0,0,0,0,0,0,0,0
R-HSA-2219530,0,0,0,0,0,0,0,0,0,1,0,1,0,0
R-HSA-2243919,0,0,0,0,0,0,0,0,0,0,0,0,0,0
R-HSA-2299718,0,0,0,0,0,0,0,0,0,0,0,0,0,0
R-HSA-2393930,0,0,0,0,0,0,0,0,0,0,0,0,0,0
R-HSA-2395516,0,0,0,0,0,0,0,0,0,0,0,0,0,0
R-HSA-2404192,0,0,0,0,0,0,0,0,0,0,0,0,0,0
R-HSA-2408499,0,0,0,0,0,0,0,0,0,0,0,0,0,0
R-HSA-2408508,0,0,0,0,0,0,0,0,0,0,0,0,0,0
R-HSA-2408522,0,0,0,0,0,0,0,0,0,0,0,0,0,0
R-HSA-2408550,0,0,0,0,0,0,0,0,0,0,0,0,0,0
R-HSA-2408552,0,0,0,0,0,0,0,0,0,0,0,0,0,0
R-HSA-2408557,0,0,0,0,0,0,0,0,0,0,0,0,0,0
R-HSA-2424491,0,0,0,0,0,0,0,0,0,0,0,0,0,0
R-HSA-2426168,0,0,0,0,0,0,0,0,0,0,0,0,0,0
R-HSA-2428928,0,0,0,0,0,0,0,0,0,0,0,0,0,0
R-HSA-2428933,0,0,0,0,0,0,0,0,0,0,0,0,0,0
R-HSA-2453864,0,0,0,0,0,0,0,0,0,0,0,0,0,0
R-HSA-2453902,0,0,0,0,0,0,0,0,0,0,0,0,0,0
R-HSA-2454202,0,0,0,0,0,0,0,0,0,0,0,0,0,0
R-HSA-2465910,0,0,0,0,0,0,0,0,0,0,0,0,0,0
R-HSA-2466712,0,0,0,0,0,0,0,0,0,0,0,0,0,0
R-HSA-2467813,0,0,0,0,0,0,0,0,0,0,0,0,0,0
R-HSA-2468052,0,0,0,0,0,0,0,0,0,0,0,0,0,0
R-HSA-2485179,0,0,0,0,0,0,0,0,0,0,0,0,0,0
R-HSA-2500257,0,0,0,0,0,0,0,0,0,0,0,0,0,0
R-HSA-2514853,0,0,0,0,0,0,0,0,0,0,0,0,0,0
R-HSA-2514859,0,0,0,0,0,0,0,0,0,0,0,0,0,0
R-HSA-2534343,0,0,0,0,0,0,0,0,0,0,0,0,0,0
R-HSA-2559580,0,0,0,0,0,0,0,0,0,0,0,0,0,0
R-HSA-2559582,0,0,0,0,0,0,0,0,0,0,0,0,0,0
R-HSA-2559584,0,0,0,0,0,0,0,0,0,0,0,0,0,0
R-HSA-2559585,0,0,0,0,0,0,0,0,0,0,0,0,0,0
R-HSA-2559586,0,0,0,0,0,0,0,0,0,0,0,0,0,0
R-HSA-2562578,0,0,0,0,0,0,0,0,0,0,0,0,0,0
R-HSA-2564830,0,0,0,0,0,0,0,0,0,0,0,0,0,0
R-HSA-2565942,0,0,0,0,0,0,0,0,0,0,0,0,0,0
R-HSA-2586552,0,0,0,0,0,0,0,0,0,0,0,0,0,0
R-HSA-2644606,0,0,0,0,0,0,0,0,0,0,0,0,0,0
R-HSA-264642,0,0,0,0,0,0,0,0,0,0,0,0,0,0
R-HSA-264876,0,0,0,0,0,0,0,0,0,0,0,0,0,0
R-HSA-2660826,0,0,0,0,0,0,0,0,0,0,0,0,0,0
R-HSA-2672351,0,0,0,0,0,0,0,0,0,0,0,0,0,0
R-HSA-2682334,0,0,0,0,0,0,0,0,0,0,0,0,0,0
R-HSA-2691232,0,0,0,0,0,0,0,0,0,0,0,0,0,0
R-HSA-2730905,0,0,0,0,0,0,0,0,0,0,0,0,0,0
R-HSA-2855086,0,0,0,0,0,0,0,0,0,0,0,0,0,0
R-HSA-2871796,0,0,0,0,0,0,0,0,0,0,0,0,0,0
R-HSA-2871809,0,0,0,0,0,0,0,0,0,0,0,0,0,0
R-HSA-2871837,0,0,0,0,0,0,0,0,0,0,0,0,0,0
R-HSA-2894862,0,0,0,0,0,0,0,0,0,0,0,0,0,0
R-HSA-2978092,0,0,0,0,0,0,0,0,0,0,0,0,0,0
R-HSA-2979096,0,0,0,0,0,0,0,0,0,0,0,0,0,0
R-HSA-2980766,0,0,0,0,0,0,0,0,0,0,0,0,0,0
R-HSA-2980767,0,0,0,0,0,0,0,0,0,0,0,0,0,0
R-HSA-2995383,0,0,0,0,0,0,0,0,0,0,0,0,0,0
R-HSA-3000157,0,0,0,0,0,0,0,0,0,0,0,0,0,0
R-HSA-3000170,0,0,0,0,0,0,0,0,0,0,0,0,0,0
R-HSA-3000178,0,0,0,0,0,0,0,0,0,0,0,0,0,0
R-HSA-3000471,0,0,0,0,0,0,0,0,0,0,0,0,0,0
R-HSA-3000480,0,0,0,0,0,0,0,0,0,0,0,0,0,0
R-HSA-3000484,0,0,0,0,0,0,0,0,0,0,0,0,0,0
R-HSA-3000497,0,0,0,0,0,0,0,0,0,0,0,0,0,0
R-HSA-3065676,0,0,0,0,0,0,0,0,0,0,0,0,0,0
R-HSA-3134973,0,0,0,0,0,0,0,0,0,0,0,0,0,0
R-HSA-3214815,0,0,0,0,0,0,0,0,0,0,0,0,0,0
R-HSA-3214841,0,0,0,0,0,0,0,0,0,0,0,0,0,0
R-HSA-3214842,0,0,0,0,0,0,0,0,0,0,0,0,0,0
R-HSA-3214847,0,0,0,0,0,0,0,0,0,0,0,0,0,0
R-HSA-3214858,0,0,0,0,0,0,0,0,0,0,0,0,0,0
R-HSA-3229133,0,0,0,0,0,0,0,0,0,0,0,0,0,0
R-HSA-3238698,0,0,0,0,0,0,0,0,0,0,0,0,0,0
R-HSA-3247509,0,0,0,0,0,0,0,0,0,0,0,0,0,0
R-HSA-3248023,0,0,0,0,0,0,0,0,0,0,0,0,0,0
R-HSA-3249367,0,0,0,0,0,0,0,0,0,0,0,0,0,0
R-HSA-3270619,0,0,0,0,0,0,0,0,0,0,0,0,0,0
R-HSA-3274531,0,0,0,0,0,0,0,0,0,0,0,0,0,0
R-HSA-3282872,0,0,0,0,0,0,0,0,0,0,0,0,0,0
R-HSA-3295583,0,0,0,0,0,0,0,0,0,0,0,0,0,0
R-HSA-3296197,0,0,0,0,0,0,0,0,0,0,0,0,0,0
R-HSA-3299685,0,0,0,0,0,0,0,0,0,0,0,0,0,0
R-HSA-3301854,0,0,0,0,0,0,0,0,0,0,0,0,0,0
R-HSA-3304356,0,0,0,0,0,0,0,0,0,0,0,0,0,0
R-HSA-3322077,0,0,0,0,0,0,0,0,0,0,0,0,0,0
R-HSA-3359454,0,0,0,0,0,0,0,0,0,0,0,0,0,0
R-HSA-3359457,0,0,0,0,0,0,0,0,0,0,0,0,0,0
R-HSA-3359458,0,0,0,0,0,0,0,0,0,0,0,0,0,0
R-HSA-3359462,0,0,0,0,0,0,0,0,0,0,0,0,0,0
R-HSA-3359463,0,0,0,0,0,0,0,0,0,0,0,0,0,0
R-HSA-3359467,0,0,0,0,0,0,0,0,0,0,0,0,0,0
R-HSA-3359469,0,0,0,0,0,0,0,0,0,0,0,0,0,0
R-HSA-3359471,0,0,0,0,0,0,0,0,0,0,0,0,0,0
R-HSA-3359473,0,0,0,0,0,0,0,0,0,0,0,0,0,0
R-HSA-3359474,0,0,0,0,0,0,0,0,0,0,0,0,0,0
R-HSA-3359475,0,0,0,0,0,0,0,0,0,0,0,0,0,0
R-HSA-3359478,0,0,0,0,0,0,0,0,0,0,0,0,0,0
R-HSA-3359485,0,0,0,0,0,0,0,0,0,0,0,0,0,0
R-HSA-3371453,0,0,0,0,0,0,0,0,0,0,0,0,0,0
R-HSA-3371497,0,0,0,0,0,0,0,0,0,0,0,0,0,0
R-HSA-3371568,0,0,0,0,0,0,0,0,0,0,0,0,0,0
R-HSA-3371571,0,0,0,0,0,0,0,0,0,0,0,0,0,0
R-HSA-3371598,0,0,0,0,0,0,0,0,0,0,0,0,0,0
R-HSA-3371599,0,0,0,0,0,0,0,0,0,0,0,0,0,0
R-HSA-349425,0,0,0,0,0,0,0,0,0,0,0,0,0,0
R-HSA-350864,0,0,0,0,0,0,0,0,0,0,0,0,0,0
R-HSA-351143,0,0,0,0,0,0,0,0,0,0,0,0,0,0
R-HSA-351200,0,0,0,0,0,0,0,0,0,0,0,0,0,0
R-HSA-351202,0,0,0,0,0,0,0,0,0,0,0,0,0,0
R-HSA-352230,0,0,0,0,0,0,0,0,0,0,0,0,0,0
R-HSA-354192,0,0,0,0,0,0,0,0,0,0,0,0,0,0
R-HSA-354194,0,0,0,0,0,0,0,0,0,0,0,0,0,0
R-HSA-3560783,0,0,0,0,0,0,0,0,0,0,0,0,0,0
R-HSA-3560792,0,0,0,0,0,0,0,0,0,0,0,0,0,0
R-HSA-3560796,0,0,0,0,0,0,0,0,0,0,0,0,0,0
R-HSA-3560801,0,0,0,0,0,0,0,0,0,0,0,0,0,0
R-HSA-3595172,0,0,0,0,0,0,0,0,0,0,0,0,0,0
R-HSA-3595174,0,0,0,0,0,0,0,0,0,0,0,0,0,0
R-HSA-3595177,0,0,0,0,0,0,0,0,0,0,0,0,0,0
R-HSA-3645790,0,0,0,0,0,0,0,0,0,0,0,0,0,0
R-HSA-3656225,0,0,0,0,0,0,0,0,0,0,0,0,0,0
R-HSA-3656234,0,0,0,0,0,0,0,0,0,0,0,0,0,0
R-HSA-3656237,0,0,0,0,0,0,0,0,0,0,0,0,0,0
R-HSA-3656243,0,0,0,0,0,0,0,0,0,0,0,0,0,0
R-HSA-3656244,0,0,0,0,0,0,0,0,0,0,0,0,0,0
R-HSA-3656248,0,0,0,0,0,0,0,0,0,0,0,0,0,0
R-HSA-3656253,0,0,0,0,0,0,0,0,0,0,0,0,0,0
R-HSA-372708,0,0,0,0,0,0,0,0,0,0,0,0,0,0
R-HSA-373076,0,0,0,0,0,0,0,0,0,0,0,0,0,0
R-HSA-373080,0,0,0,0,0,0,0,0,0,0,0,0,0,0
R-HSA-373752,0,0,0,0,0,0,0,0,0,0,0,0,0,0
R-HSA-373753,0,0,0,0,0,0,0,0,0,0,0,0,0,0
R-HSA-373760,0,0,0,0,0,0,0,0,0,0,0,0,0,0
R-HSA-375165,0,0,0,0,0,0,0,0,0,0,0,0,0,0
R-HSA-375276,0,0,0,0,0,0,0,0,0,0,0,0,0,0
R-HSA-375280,0,0,0,0,0,0,0,0,0,0,0,0,0,0
R-HSA-376172,0,0,0,0,0,0,0,0,0,0,0,0,0,0
R-HSA-376176,0,0,0,0,0,0,0,0,0,0,0,0,0,0
R-HSA-3769402,0,0,0,0,0,0,0,0,0,0,0,0,0,0
R-HSA-3785653,0,0,0,0,0,0,0,0,0,0,0,0,0,0
R-HSA-379397,0,0,0,0,0,0,0,0,0,0,0,0,0,0
R-HSA-379398,0,0,0,0,0,0,0,0,0,0,0,0,0,0
R-HSA-379401,0,0,0,0,0,0,0,0,0,0,0,0,0,0
R-HSA-379716,0,0,0,0,0,0,0,0,0,0,0,0,0,0
R-HSA-379726,0,0,0,0,0,0,0,0,0,0,0,0,0,0
R-HSA-380259,0,0,0,0,0,0,0,0,0,0,0,0,0,0
R-HSA-380320,0,0,0,0,0,0,0,0,0,0,0,0,0,0
R-HSA-380612,0,0,0,0,0,0,0,0,0,0,0,0,0,0
R-HSA-380615,0,0,0,0,0,0,0,0,0,0,0,0,0,0
R-HSA-380972,0,0,0,0,0,0,0,0,0,0,0,0,0,0
R-HSA-381042,0,0,0,0,0,0,0,0,0,0,0,0,0,0
R-HSA-381070,0,0,0,0,0,0,0,0,0,0,0,0,0,0
R-HSA-381340,0,0,0,0,0,0,0,0,0,0,0,0,0,0
R-HSA-381426,0,0,0,0,0,0,0,0,0,0,0,0,0,0
R-HSA-3814836,0,0,0,0,0,0,0,0,0,0,0,0,0,0
R-HSA-381676,0,0,0,0,0,0,0,0,0,0,0,0,0,0
R-HSA-381771,0,0,0,0,0,0,0,0,0,0,0,0,0,0
R-HSA-382556,0,0,0,0,0,0,0,0,0,0,0,0,0,0
R-HSA-3828062,0,0,0,0,0,0,0,0,0,0,0,0,0,0
R-HSA-3858516,0,0,0,0,0,0,0,0,0,0,0,0,0,0
R-HSA-3878781,0,0,0,0,0,0,0,0,0,0,0,0,0,0
R-HSA-388841,0,0,0,0,0,0,0,0,0,0,0,0,0,0
R-HSA-389356,0,0,0,0,0,0,0,0,0,0,0,0,0,0
R-HSA-389357,0,0,0,0,0,0,0,0,0,0,0,0,0,0
R-HSA-389359,0,0,0,0,0,0,0,0,0,0,0,0,0,0
R-HSA-389513,0,0,0,0,0,0,0,0,0,0,0,0,0,0
R-HSA-389542,0,0,0,0,0,0,0,0,0,0,0,0,0,0
R-HSA-389599,0,0,0,0,0,0,0,0,0,0,0,0,0,0
R-HSA-389661,0,0,0,0,0,0,0,0,0,0,0,0,0,0
R-HSA-389887,0,0,0,0,0,0,0,0,0,0,0,0,0,0
R-HSA-389948,0,0,0,0,0,0,0,0,0,0,0,0,0,0
R-HSA-389957,0,0,0,0,0,0,0,0,0,0,0,0,0,0
R-HSA-389960,0,0,0,0,0,0,0,0,0,0,0,0,0,0
R-HSA-389977,0,0,0,0,0,0,0,0,0,0,0,0,0,0
R-HSA-390247,0,0,0,0,0,0,0,0,0,0,0,0,0,0
R-HSA-390450,0,0,0,0,0,0,0,0,0,0,0,0,0,0
R-HSA-390471,0,0,0,0,0,0,0,0,0,0,0,0,0,0
R-HSA-390522,0,0,0,0,0,0,0,0,0,0,0,0,0,0
R-HSA-390648,0,0,0,0,0,0,0,0,0,0,0,0,0,0
R-HSA-390650,0,0,0,0,0,0,0,0,0,0,0,0,0,0
R-HSA-390651,0,0,0,0,0,0,0,0,0,0,0,0,0,0
R-HSA-390666,0,0,0,0,0,0,0,0,0,0,0,0,0,0
R-HSA-390696,0,0,0,0,0,0,0,0,0,0,0,0,0,0
R-HSA-390918,0,0,0,0,0,0,0,0,0,0,0,0,0,0
R-HSA-391160,0,0,0,0,0,0,0,0,0,0,0,0,0,0
R-HSA-391903,0,0,0,0,0,0,0,0,0,0,0,0,0,0
R-HSA-391906,0,0,0,0,0,0,0,0,0,0,0,0,0,0
R-HSA-391908,0,0,0,0,0,0,0,0,0,0,0,0,0,0
R-HSA-392023,0,0,0,0,0,0,0,0,0,0,0,0,0,0
R-HSA-392154,0,0,0,0,0,0,0,0,0,0,0,0,0,0
R-HSA-392170,0,0,0,0,0,0,0,0,0,0,0,0,0,0
R-HSA-392451,0,0,0,0,0,0,0,0,0,0,0,0,0,0
R-HSA-392517,0,0,0,0,0,0,0,0,0,0,0,0,0,0
R-HSA-392851,0,0,0,0,0,0,0,0,0,0,0,0,0,0
R-HSA-3928662,0,0,0,0,0,0,0,0,0,0,0,0,0,0
R-HSA-3928663,0,0,0,0,0,0,0,0,0,0,0,0,0,0
R-HSA-3928664,0,0,0,0,0,0,0,0,0,0,0,0,0,0
R-HSA-3928665,0,0,0,0,0,0,0,0,0,0,0,0,0,0
R-HSA-399710,0,0,0,0,0,0,0,0,0,0,0,0,0,0
R-HSA-399719,0,0,0,0,0,0,0,0,0,0,0,0,0,0
R-HSA-399954,0,0,0,0,0,0,0,0,0,0,0,0,0,0
R-HSA-399955,0,0,0,0,0,0,0,0,0,0,0,0,0,0
R-HSA-399956,0,0,0,0,0,0,0,0,0,0,0,0,0,0
R-HSA-399997,0,0,0,0,0,0,0,0,0,0,0,0,0,0
R-HSA-400042,0,0,0,0,0,0,0,0,0,0,0,0,0,0
R-HSA-400206,0,0,0,0,0,0,0,0,0,0,0,0,0,0
R-HSA-400253,0,0,0,0,0,0,0,0,0,0,0,0,0,0
R-HSA-400511,0,0,0,0,0,0,0,0,0,0,0,0,0,0
R-HSA-4043911,0,0,0,0,0,0,0,0,0,0,0,0,0,0
R-HSA-4043916,0,0,0,0,0,0,0,0,0,0,0,0,0,0
R-HSA-4085001,0,0,0,0,0,0,0,0,0,0,0,0,0,0
R-HSA-4085011,0,0,0,0,0,0,0,0,0,0,0,0,0,0
R-HSA-4085023,0,0,0,0,0,0,0,0,0,0,0,0,0,0
R-HSA-4086398,0,0,0,0,0,0,0,0,0,0,0,0,0,0
R-HSA-4086400,0,0,0,0,0,0,0,0,0,0,0,0,0,0
R-HSA-4090294,0,0,0,0,0,0,0,0,0,0,0,0,0,0
R-HSA-416476,0,0,0,0,0,0,0,0,0,0,0,0,0,0
R-HSA-416482,0,0,0,0,0,0,0,0,0,0,0,0,0,0
R-HSA-416550,0,0,0,0,0,0,0,0,0,0,0,0,0,0
R-HSA-416572,0,0,0,0,0,0,0,0,0,0,0,0,0,0
R-HSA-416993,0,0,0,0,0,0,0,0,0,0,0,0,0,0
R-HSA-417957,0,0,0,0,0,0,0,0,0,0,0,0,0,0
R-HSA-417973,0,0,0,0,0,0,0,0,0,0,0,0,0,0
R-HSA-418217,0,0,0,0,0,0,0,0,0,0,0,0,0,0
R-HSA-418346,0,0,0,0,0,0,0,0,0,0,0,0,0,0
R-HSA-418359,0,0,0,0,0,0,0,0,0,0,0,0,0,0
R-HSA-418457,0,0,0,0,0,0,0,0,0,0,0,0,0,0
R-HSA-418555,0,0,0,0,0,0,0,0,0,0,0,0,0,0
R-HSA-418592,0,0,0,0,0,0,0,0,0,0,0,0,0,0
R-HSA-418594,1,0,0,0,0,0,0,0,0,0,0,0,0,0
R-HSA-418597,0,0,0,0,0,0,0,0,0,0,0,0,0,0
R-HSA-418885,0,0,0,0,0,0,0,0,0,0,0,0,0,0
R-HSA-418886,0,0,0,0,0,0,0,0,0,0,0,0,0,0
R-HSA-418889,0,0,0,0,0,0,0,0,0,0,0,0,0,0
R-HSA-418890,0,0,0,0,0,0,0,0,0,0,0,0,0,0
R-HSA-418990,0,0,0,0,0,0,0,0,0,0,0,0,0,0
R-HSA-419037,0,0,0,0,0,0,0,0,0,0,0,0,0,0
R-HSA-419408,0,0,0,0,0,0,0,0,0,0,0,0,0,0
R-HSA-420092,0,0,0,0,0,0,0,0,0,0,0,0,0,0
R-HSA-420499,1,0,0,0,0,0,0,0,0,0,0,0,0,0
R-HSA-422085,0,0,0,0,0,0,0,0,0,0,0,0,0,0
R-HSA-422356,0,0,0,0,0,0,0,0,0,0,0,0,0,0
R-HSA-425366,0,0,0,0,0,0,0,0,0,0,0,0,0,0
R-HSA-425381,0,0,0,0,0,0,0,0,0,0,0,0,0,0
R-HSA-425393,0,0,0,0,0,0,0,0,0,0,0,0,0,0
R-HSA-425397,0,0,0,0,0,0,0,0,0,0,0,0,0,0
R-HSA-425410,0,0,0,0,0,0,0,0,0,0,0,0,0,0
R-HSA-425561,0,0,0,0,0,0,0,0,0,0,0,0,0,0
R-HSA-425986,0,0,0,0,0,0,0,0,0,0,0,0,0,0
R-HSA-426048,0,0,0,0,0,0,0,0,0,0,0,0,0,0
R-HSA-426117,0,0,0,0,0,0,0,0,0,0,0,0,0,0
R-HSA-426486,0,0,0,0,0,0,0,0,0,0,0,0,0,0
R-HSA-426496,0,0,0,0,0,0,0,0,0,0,0,0,0,0
R-HSA-427359,0,0,0,0,0,0,0,0,0,0,0,0,0,0
R-HSA-427389,0,0,0,0,0,0,0,0,0,0,0,0,0,0
R-HSA-427413,0,0,0,0,0,0,0,0,0,0,0,0,0,0
R-HSA-427589,0,0,0,0,0,0,0,0,0,0,0,0,0,0
R-HSA-427601,0,0,0,0,0,0,0,0,0,0,0,0,0,0
R-HSA-427652,0,0,0,0,0,0,0,0,0,0,0,0,0,0
R-HSA-427975,0,0,0,0,0,0,0,0,0,0,0,0,0,0
R-HSA-428540,0,0,0,0,0,0,0,0,0,0,0,0,0,0
R-HSA-428542,0,0,0,0,0,0,0,0,0,0,0,0,0,0
R-HSA-428543,0,0,0,0,0,0,0,0,0,0,0,0,0,0
R-HSA-428559,0,0,0,0,0,0,0,0,0,0,0,0,0,0
R-HSA-428643,0,0,0,0,0,0,0,0,0,0,0,0,0,0
R-HSA-428890,0,0,0,0,0,0,0,0,0,0,0,0,0,0
R-HSA-428930,0,0,0,0,0,0,0,0,0,0,0,0,0,0
R-HSA-429593,0,0,0,0,0,0,0,0,0,0,0,0,0,0
R-HSA-429947,0,0,0,0,0,0,0,0,0,0,0,0,0,0
R-HSA-429958,0,0,0,0,0,0,0,0,0,0,0,0,0,0
R-HSA-430039,0,0,0,0,0,0,0,0,0,0,0,0,0,0
R-HSA-432030,0,0,0,0,0,0,0,0,0,0,0,0,0,0
R-HSA-432040,0,0,0,0,0,0,0,0,0,0,0,0,0,0
R-HSA-432047,0,0,0,0,0,0,0,0,0,0,0,0,0,0
R-HSA-432142,0,0,0,0,0,0,0,0,0,0,0,0,0,0
R-HSA-432720,0,0,0,0,0,0,0,0,0,0,0,0,0,0
R-HSA-432722,0,0,0,0,0,0,0,0,0,0,0,0,0,0
R-HSA-433137,0,0,0,0,0,0,0,0,0,0,0,0,0,0
R-HSA-433692,0,0,0,0,0,0,0,0,0,0,0,0,0,0
R-HSA-4341670,0,0,0,0,0,0,0,0,0,0,0,0,0,0
R-HSA-434313,0,0,0,0,0,0,0,0,0,0,0,0,0,0
R-HSA-434316,0,0,0,0,0,0,0,0,0,0,0,0,0,0
R-HSA-435368,0,0,0,0,0,0,0,0,0,0,0,0,0,0
R-HSA-437239,0,0,0,0,0,0,0,0,0,0,0,0,0,0
R-HSA-438066,0,0,0,0,0,0,0,0,0,0,0,0,0,0
R-HSA-4419969,0,0,0,0,0,0,0,0,0,0,0,0,0,0
R-HSA-4420097,0,0,0,0,0,0,0,0,0,0,0,0,0,0
R-HSA-4420332,0,0,0,0,0,0,0,0,0,0,0,0,0,0
R-HSA-442380,0,0,0,0,0,0,0,0,0,0,0,0,0,0
R-HSA-442660,0,0,0,0,0,0,0,0,0,0,0,0,0,0
R-HSA-442720,0,0,0,0,0,0,0,0,0,0,0,0,0,0
R-HSA-442729,0,0,0,0,0,0,0,0,0,0,0,0,0,0
R-HSA-442742,0,0,0,0,0,0,0,0,0,0,0,0,0,0
R-HSA-442982,0,0,0,0,0,0,0,0,0,0,0,0,0,0
R-HSA-444209,0,0,0,0,0,0,0,0,0,0,0,0,0,0
R-HSA-444257,0,0,0,0,0,0,0,0,0,0,0,0,0,0
R-HSA-444411,0,0,0,0,0,0,0,0,0,0,0,0,0,0
R-HSA-444473,0,0,0,0,0,0,0,0,0,0,0,0,0,0
R-HSA-445095,0,0,0,0,0,0,0,0,0,0,0,0,0,0
R-HSA-445144,0,0,0,0,0,0,0,0,0,0,0,0,0,0
R-HSA-445355,0,0,0,0,0,0,0,0,0,0,0,0,0,0
R-HSA-445989,0,0,0,0,0,0,0,0,0,0,0,0,0,0
R-HSA-446193,0,0,0,0,0,0,0,0,0,0,0,0,0,0
R-HSA-446199,0,0,0,0,0,0,0,0,0,0,0,0,0,0
R-HSA-446203,0,0,0,0,0,0,0,0,0,0,0,0,0,0
R-HSA-446205,0,0,0,0,0,0,0,0,0,0,0,0,0,0
R-HSA-446210,0,0,0,0,0,0,0,0,0,0,0,0,0,0
R-HSA-446353,0,0,0,0,0,0,0,0,0,0,0,0,0,0
R-HSA-447041,0,0,0,0,0,0,0,0,0,0,0,0,0,0
R-HSA-447043,0,0,0,0,0,0,0,0,0,0,0,0,0,0
R-HSA-450302,0,0,0,0,0,0,0,0,0,0,0,0,0,0
R-HSA-450321,0,0,0,0,0,0,0,0,0,0,0,0,0,0
R-HSA-450341,0,0,0,0,0,0,0,0,0,0,0,0,0,0
R-HSA-450385,0,0,0,0,0,0,0,0,0,0,0,0,0,0
R-HSA-450513,0,0,0,0,0,0,0,0,0,0,0,0,0,0
R-HSA-450520,0,0,0,0,0,0,0,0,0,0,0,0,0,0
R-HSA-450604,0,0,0,0,0,0,0,0,0,0,0,0,0,0
R-HSA-451307,0,0,0,0,0,0,0,0,0,0,0,0,0,0
R-HSA-451308,0,0,0,0,0,0,0,0,0,0,0,0,0,0
R-HSA-4549349,0,0,0,0,0,0,0,0,0,0,0,0,0,0
R-HSA-4549356,0,0,0,0,0,0,0,0,0,0,0,0,0,0
R-HSA-4549380,0,0,0,0,0,0,0,0,0,0,0,0,0,0
R-HSA-4551295,0,0,0,0,0,0,0,0,0,0,0,0,0,0
R-HSA-456926,0,0,0,0,0,0,0,0,0,0,0,0,0,0
R-HSA-4570571,0,0,0,0,0,0,0,0,0,0,0,0,0,0
R-HSA-4608870,0,0,0,0,0,0,0,0,0,0,0,0,0,0
R-HSA-4641257,0,0,0,0,0,0,0,0,0,0,0,0,0,0
R-HSA-4641262,0,0,0,0,0,0,0,0,0,0,0,0,0,0
R-HSA-4641263,0,0,0,0,0,0,0,0,0,0,0,0,0,0
R-HSA-4687000,0,0,0,0,0,0,0,0,0,0,0,0,0,0
R-HSA-4717374,0,0,0,0,0,0,0,0,0,0,0,0,0,0
R-HSA-4719360,0,0,0,0,0,0,0,0,0,0,0,0,0,0
R-HSA-4719377,0,0,0,0,0,0,0,0,0,0,0,0,0,0
R-HSA-4720454,0,0,0,0,0,0,0,0,0,0,0,0,0,0
R-HSA-4720475,0,0,0,0,0,0,0,0,0,0,0,0,0,0
R-HSA-4720489,0,0,0,0,0,0,0,0,0,0,0,0,0,0
R-HSA-4724289,0,0,0,0,0,0,0,0,0,0,0,0,0,0
R-HSA-4724325,0,0,0,0,0,0,0,0,0,0,0,0,0,0
R-HSA-4755510,0,0,0,0,0,0,0,0,0,0,0,0,0,0
R-HSA-4755579,0,0,0,0,0,0,0,0,0,0,0,0,0,0
R-HSA-4755583,0,0,0,0,0,0,0,0,0,0,0,0,0,0
R-HSA-4755609,0,0,0,0,0,0,0,0,0,0,0,0,0,0
R-HSA-4793950,0,0,0,0,0,0,0,0,0,0,0,0,0,0
R-HSA-4793952,0,0,0,0,0,0,0,0,0,0,0,0,0,0
R-HSA-4793953,0,0,0,0,0,0,0,0,0,0,0,0,0,0
R-HSA-4793954,0,0,0,0,0,0,0,0,0,0,0,0,0,0
R-HSA-480985,0,0,0,0,0,0,0,0,0,0,0,0,0,0
R-HSA-499943,0,0,0,0,0,0,0,0,0,0,0,0,0,0
R-HSA-500657,0,0,0,0,0,0,0,0,0,0,0,0,0,0
R-HSA-500753,0,0,0,0,0,0,0,0,0,0,0,0,0,0
R-HSA-5083625,0,0,0,0,0,0,0,0,0,0,0,0,0,0
R-HSA-5083627,0,0,0,0,0,0,0,0,0,0,0,0,0,0
R-HSA-5083628,0,0,0,0,0,0,0,0,0,0,0,0,0,0
R-HSA-5083629,0,0,0,0,0,0,0,0,0,0,0,0,0,0
R-HSA-5083630,0,0,0,0,0,0,0,0,0,0,0,0,0,0
R-HSA-5083632,0,0,0,0,0,0,0,0,0,0,0,0,0,0
R-HSA-5083633,0,0,0,0,0,0,0,0,0,0,0,0,0,0
R-HSA-5083635,0,0,0,0,0,0,0,0,0,0,0,0,0,0
R-HSA-5083636,0,0,0,0,0,0,0,0,0,0,0,0,0,0
R-HSA-5099900,0,0,0,0,0,0,0,0,0,0,0,0,0,0
R-HSA-512988,0,0,0,0,0,0,0,0,0,0,0,0,0,0
R-HSA-5173105,0,0,0,0,0,0,0,0,0,0,0,0,0,0
R-HSA-5173214,0,0,0,0,0,0,0,0,0,0,0,0,0,0
R-HSA-5210891,0,0,0,0,0,0,0,0,0,0,0,0,0,0
R-HSA-5213460,0,0,0,0,0,0,0,0,0,0,0,0,0,0
R-HSA-5218920,0,0,0,0,0,0,0,0,0,0,0,0,0,0
R-HSA-5218921,0,0,0,0,0,0,0,0,0,0,0,0,0,0
R-HSA-5221030,0,0,0,0,0,0,0,0,0,0,0,0,0,0
R-HSA-5223345,0,0,0,0,0,0,0,0,0,0,0,0,0,0
R-HSA-5250924,0,0,0,0,0,0,0,0,0,0,0,0,0,0
R-HSA-5250955,0,0,0,0,0,0,0,0,0,0,0,0,0,0
R-HSA-5250958,0,0,0,0,0,0,0,0,0,0,0,0,0,0
R-HSA-5250968,0,0,0,0,0,0,0,0,0,0,0,0,0,0
R-HSA-5250971,0,0,0,0,0,0,0,0,0,0,0,0,0,0
R-HSA-5250981,0,0,0,0,0,0,0,0,0,0,0,0,0,0
R-HSA-5250982,0,0,0,0,0,0,0,0,0,0,0,0,0,0
R-HSA-5250989,0,0,0,0,0,0,0,0,0,0,0,0,0,0
R-HSA-5250992,0,0,0,0,0,0,0,0,0,0,0,0,0,0
R-HSA-525793,0,0,0,0,0,0,0,0,0,0,0,0,0,0
R-HSA-5263617,0,0,0,0,0,0,0,0,0,0,0,0,0,0
R-HSA-532668,0,0,0,0,0,0,0,0,0,0,0,0,0,0
R-HSA-5334118,0,0,0,0,0,0,0,0,0,0,0,0,0,0
R-HSA-5336415,0,0,0,0,0,0,0,0,0,0,0,0,0,0
R-HSA-5340573,0,0,0,0,0,0,0,0,0,0,0,0,0,0
R-HSA-5357609,0,0,0,0,0,0,0,0,0,0,0,0,0,0
R-HSA-5357905,0,0,0,0,0,0,0,0,0,0,0,0,0,0
R-HSA-5358346,0,0,0,0,0,0,0,0,0,0,0,0,0,0
R-HSA-5358493,0,0,0,0,0,0,0,0,0,0,0,0,0,0
R-HSA-5358565,0,0,0,0,0,0,0,0,0,0,0,0,0,0
R-HSA-5358606,0,0,0,0,0,0,0,0,0,0,0,0,0,0
R-HSA-5358747,0,0,0,0,0,0,0,0,0,0,0,0,0,0
R-HSA-5358749,0,0,0,0,0,0,0,0,0,0,0,0,0,0
R-HSA-5358751,0,0,0,0,0,0,0,0,0,0,0,0,0,0
R-HSA-5358752,0,0,0,0,0,0,0,0,0,0,0,0,0,0
R-HSA-5362517,0,1,0,0,0,0,0,0,0,0,0,0,0,0
R-HSA-5362768,0,0,0,0,0,0,0,0,0,0,0,0,0,0
R-HSA-5365859,0,1,0,0,0,0,0,0,0,0,0,0,0,0
R-HSA-5368286,0,0,0,0,0,0,0,0,0,0,0,0,0,0
R-HSA-5389840,0,0,0,0,0,0,0,0,0,0,0,0,0,0
R-HSA-5419276,0,0,0,0,0,0,0,0,0,0,0,0,0,0
R-HSA-5423646,0,0,0,0,0,0,0,0,0,0,0,0,0,0
R-HSA-549127,0,0,0,0,0,0,0,0,0,0,0,0,0,0
R-HSA-5545619,0,0,0,0,0,0,0,0,0,0,0,0,0,0
R-HSA-5576886,0,0,0,0,0,0,0,0,0,0,0,0,0,0
R-HSA-5576890,0,0,0,0,0,0,0,0,0,0,0,0,0,0
R-HSA-5576892,0,0,0,0,0,0,0,0,0,0,0,0,0,0
R-HSA-5576893,0,0,0,0,0,0,0,0,0,0,0,0,0,0
R-HSA-5576894,0,0,0,0,0,0,0,0,0,0,0,0,0,0
R-HSA-5578749,0,0,0,0,0,0,0,0,0,0,0,0,0,0
R-HSA-5578775,0,0,0,0,0,0,0,0,0,0,0,0,0,0
R-HSA-5578995,0,0,0,0,0,0,0,0,0,0,0,0,0,0
R-HSA-5578996,0,0,0,0,0,0,0,0,0,0,0,0,0,0
R-HSA-5578997,0,0,0,0,0,0,0,0,0,0,0,0,0,0
R-HSA-5578998,0,0,0,0,0,0,0,0,0,0,0,0,0,0
R-HSA-5578999,0,0,0,0,0,0,0,0,0,0,0,0,0,0
R-HSA-5579000,0,0,0,0,0,0,0,0,0,0,0,0,0,0
R-HSA-5579002,0,0,0,0,0,0,0,0,0,0,0,0,0,0
R-HSA-5579004,0,0,0,0,0,0,0,0,0,0,0,0,0,0
R-HSA-5579005,0,0,0,0,0,0,0,0,0,0,0,0,0,0
R-HSA-5579006,0,0,0,0,0,0,0,0,0,0,0,0,0,0
R-HSA-5579007,0,0,0,0,0,0,0,0,0,0,0,0,0,0
R-HSA-5579009,0,0,0,0,0,0,0,0,0,0,0,0,0,0
R-HSA-5579010,0,0,0,0,0,0,0,0,0,0,0,0,0,0
R-HSA-5579011,0,0,0,0,0,0,0,0,0,0,0,0,0,0
R-HSA-5579012,0,0,0,0,0,0,0,0,0,0,0,0,0,0
R-HSA-5579013,0,0,0,0,0,0,0,0,0,0,0,0,0,0
R-HSA-5579014,0,0,0,0,0,0,0,0,0,0,0,0,0,0
R-HSA-5579015,0,1,0,0,0,0,0,0,0,0,0,0,0,0
R-HSA-5579016,0,0,0,0,0,0,0,0,0,0,0,0,0,0
R-HSA-5579017,0,0,0,0,0,0,0,0,0,0,0,0,0,0
R-HSA-5579019,0,0,0,0,0,0,0,0,0,0,0,0,0,0
R-HSA-5579020,0,0,0,0,0,0,0,0,0,0,0,0,0,0
R-HSA-5579021,0,0,0,0,0,0,0,0,0,0,0,0,0,0
R-HSA-5579022,0,0,0,0,0,0,0,0,0,0,0,0,0,0
R-HSA-5579024,0,0,0,0,0,0,0,0,0,0,0,0,0,0
R-HSA-5579026,0,0,0,0,0,0,0,0,0,0,0,0,0,0
R-HSA-5579027,0,0,0,0,0,0,0,0,0,0,0,0,0,0
R-HSA-5579028,0,0,0,0,0,0,0,0,0,0,0,0,0,0
R-HSA-5579030,0,0,0,0,0,0,0,0,0,0,0,0,0,0
R-HSA-5579032,0,0,0,0,0,0,0,0,0,0,0,0,0,0
R-HSA-5601884,0,0,0,0,0,0,0,0,0,0,0,0,0,0
R-HSA-5602410,0,0,0,0,0,0,0,0,0,0,0,0,0,0
R-HSA-5602498,0,0,0,0,0,0,0,0,0,0,0,0,0,0
R-HSA-5602566,0,0,0,0,0,0,0,0,0,0,0,0,0,0
R-HSA-5602571,0,0,0,0,0,0,0,0,0,0,0,0,0,0
R-HSA-5603029,0,0,0,0,0,0,0,0,0,0,0,0,0,0
R-HSA-5603041,0,0,0,0,0,0,0,0,0,0,0,0,0,0
R-HSA-5607761,0,0,0,0,0,0,0,0,0,0,0,0,0,0
R-HSA-5607763,0,0,0,0,0,0,0,0,0,0,0,0,0,0
R-HSA-5607764,0,0,0,0,0,0,0,0,0,0,0,0,0,0
R-HSA-5609974,0,0,0,0,0,0,0,0,0,0,0,0,0,0
R-HSA-5609976,0,0,0,0,0,0,0,0,0,0,0,0,0,0
R-HSA-5609977,0,0,0,0,0,0,0,0,0,0,0,0,0,0
R-HSA-5609978,0,0,0,0,0,0,0,0,0,0,0,0,0,0
R-HSA-561048,0,0,0,0,0,0,0,0,0,0,0,0,0,0
R-HSA-5610780,0,0,0,0,0,0,0,0,0,0,0,0,0,0
R-HSA-5610783,0,0,0,0,0,0,0,0,0,0,0,0,0,0
R-HSA-5610785,0,0,0,0,0,0,0,0,0,0,0,0,0,0
R-HSA-5610787,0,0,0,0,0,0,0,0,0,0,0,0,0,0
R-HSA-5617472,0,1,0,0,0,0,0,0,0,0,0,0,0,0
R-HSA-5617833,0,0,0,0,0,0,0,0,0,0,0,0,0,0
R-HSA-5619035,0,0,0,0,0,0,0,0,0,0,0,0,0,0
R-HSA-5619036,0,0,0,0,0,0,0,0,0,0,0,0,0,0
R-HSA-5619037,0,0,0,0,0,0,0,0,0,0,0,0,0,0
R-HSA-5619039,0,0,0,0,0,0,0,0,0,0,0,0,0,0
R-HSA-5619040,0,0,0,0,0,0,0,0,0,0,0,0,0,0
R-HSA-5619041,0,0,0,0,0,0,0,0,0,0,0,0,0,0
R-HSA-5619042,0,0,0,0,0,0,0,0,0,0,0,0,0,0
R-HSA-5619043,0,0,0,0,0,0,0,0,0,0,0,0,0,0
R-HSA-5619044,0,0,0,0,0,0,0,0,0,0,0,0,0,0
R-HSA-5619045,0,0,0,0,0,0,0,0,0,0,0,0,0,0
R-HSA-5619046,0,0,0,0,0,0,0,0,0,0,0,0,0,0
R-HSA-5619047,0,0,0,0,0,0,0,0,0,0,0,0,0,0
R-HSA-5619048,0,0,0,0,0,0,0,0,0,0,0,0,0,0
R-HSA-5619049,0,0,0,0,0,0,0,0,0,0,0,0,0,0
R-HSA-5619050,0,0,0,0,0,0,0,0,0,0,0,0,0,0
R-HSA-5619052,0,0,0,0,0,0,0,0,0,0,0,0,0,0
R-HSA-5619053,0,0,0,0,0,0,0,0,0,0,0,0,0,0
R-HSA-5619054,0,0,0,0,0,0,0,0,0,0,0,0,0,0
R-HSA-5619055,0,0,0,0,0,0,0,0,0,0,0,0,0,0
R-HSA-5619056,0,0,0,0,0,0,0,0,0,0,0,0,0,0
R-HSA-5619058,0,0,0,0,0,0,0,0,0,0,0,0,0,0
R-HSA-5619060,0,0,0,0,0,0,0,0,0,0,0,0,0,0
R-HSA-5619061,0,0,0,0,0,0,0,0,0,0,0,0,0,0
R-HSA-5619062,0,0,0,0,0,0,0,0,0,0,0,0,0,0
R-HSA-5619063,0,0,0,0,0,0,0,0,0,0,0,0,0,0
R-HSA-5619066,0,0,0,0,0,0,0,0,0,0,0,0,0,0
R-HSA-5619067,0,0,0,0,0,0,0,0,0,0,0,0,0,0
R-HSA-5619068,0,0,0,0,0,0,0,0,0,0,0,0,0,0
R-HSA-5619070,0,0,0,0,0,0,0,0,0,0,0,0,0,0
R-HSA-5619071,0,0,0,0,0,0,0,0,0,0,0,0,0,0
R-HSA-5619072,0,0,0,0,0,0,0,0,0,0,0,0,0,0
R-HSA-5619073,0,0,0,0,0,0,0,0,0,0,0,0,0,0
R-HSA-5619076,0,0,0,0,0,0,0,0,0,0,0,0,0,0
R-HSA-5619077,0,0,0,0,0,0,0,0,0,0,0,0,0,0
R-HSA-5619078,0,0,0,0,0,0,0,0,0,0,0,0,0,0
R-HSA-5619079,0,0,0,0,0,0,0,0,0,0,0,0,0,0
R-HSA-5619081,0,0,0,0,0,0,0,0,0,0,0,0,0,0
R-HSA-5619083,0,0,0,0,0,0,0,0,0,0,0,0,0,0
R-HSA-5619085,0,0,0,0,0,0,0,0,0,0,0,0,0,0
R-HSA-5619087,0,0,0,0,0,0,0,0,0,0,0,0,0,0
R-HSA-5619088,0,0,0,0,0,0,0,0,0,0,0,0,0,0
R-HSA-5619089,0,0,0,0,0,0,0,0,0,0,0,0,0,0
R-HSA-5619092,0,0,0,0,0,0,0,0,0,0,0,0,0,0
R-HSA-5619094,0,0,0,0,0,0,0,0,0,0,0,0,0,0
R-HSA-5619095,0,0,0,0,0,0,0,0,0,0,0,0,0,0
R-HSA-5619096,0,0,0,0,0,0,0,0,0,0,0,0,0,0
R-HSA-5619097,0,0,0,0,0,0,0,0,0,0,0,0,0,0
R-HSA-5619098,0,0,0,0,0,0,0,0,0,0,0,0,0,0
R-HSA-5619101,0,0,0,0,0,0,0,0,0,0,0,0,0,0
R-HSA-5619104,0,0,0,0,0,0,0,0,0,0,0,0,0,0
R-HSA-5619108,0,0,0,0,0,0,0,0,0,0,0,0,0,0
R-HSA-5619109,0,0,0,0,0,0,0,0,0,0,0,0,0,0
R-HSA-5619110,0,0,0,0,0,0,0,0,0,0,0,0,0,0
R-HSA-5619111,0,0,0,0,0,0,0,0,0,0,0,0,0,0
R-HSA-5619113,0,0,0,0,0,0,0,0,0,0,0,0,0,0
R-HSA-5619114,0,0,0,0,0,0,0,0,0,0,0,0,0,0
R-HSA-5620912,0,0,0,0,0,0,0,0,0,0,0,0,0,0
R-HSA-5620916,0,0,0,0,0,0,0,0,0,0,0,0,0,0
R-HSA-5620922,0,0,0,0,0,0,0,0,0,0,0,0,0,0
R-HSA-5620924,0,0,0,0,0,0,0,0,0,0,0,0,0,0
R-HSA-5621480,0,0,0,0,0,0,0,0,0,0,0,0,0,0
R-HSA-5621575,0,0,0,0,0,0,0,0,0,0,0,0,0,0
R-HSA-5624138,0,0,0,0,0,0,0,0,0,0,0,0,0,0
R-HSA-5625740,0,0,0,0,0,0,0,0,0,0,0,0,0,0
R-HSA-5625886,0,0,0,0,0,0,0,0,0,0,0,0,0,0
R-HSA-5625900,0,0,0,0,0,0,0,0,0,0,0,0,0,0
R-HSA-5625970,0,0,0,0,0,0,0,0,0,0,0,0,0,0
R-HSA-5626467,0,0,0,0,0,0,0,0,0,0,0,0,0,0
R-HSA-5627083,0,0,0,0,0,0,0,0,0,0,0,0,0,0
R-HSA-5627117,0,0,0,0,0,0,0,0,0,0,0,0,0,0
R-HSA-5627123,0,0,0,0,0,0,0,0,0,0,0,0,0,0
R-HSA-5628897,0,0,0,0,0,0,0,0,0,0,0,0,0,0
R-HSA-5632684,0,0,0,0,0,0,0,0,0,0,0,0,0,0
R-HSA-5633231,0,0,0,0,0,0,0,0,0,0,0,0,0,0
R-HSA-5635838,0,0,0,0,0,0,0,0,0,0,0,0,0,0
R-HSA-5637810,0,0,0,0,0,0,0,0,1,0,0,0,0,0
R-HSA-5638303,0,0,0,0,0,0,1,0,0,0,0,0,0,0
R-HSA-5649702,0,0,0,0,0,0,0,0,0,0,0,0,0,0
R-HSA-5651801,0,0,0,0,0,0,0,0,0,0,0,0,0,0
R-HSA-5652227,0,0,0,0,0,0,0,0,0,0,0,0,0,0
R-HSA-5653890,0,0,0,0,0,0,0,0,0,0,0,0,0,0
R-HSA-5654219,0,0,0,0,0,0,0,0,0,0,0,0,0,0
R-HSA-5654221,0,0,0,0,0,0,0,0,0,0,0,0,0,0
R-HSA-5654227,0,0,0,0,0,0,0,0,0,0,0,0,0,0
R-HSA-5654228,0,0,0,0,0,0,0,0,0,0,0,0,0,0
R-HSA-5654687,0,0,0,0,0,0,0,0,0,0,0,0,0,0
R-HSA-5654688,0,0,0,0,0,0,0,0,0,0,0,0,0,0
R-HSA-5654689,0,0,0,0,0,0,0,0,0,0,0,0,0,0
R-HSA-5654693,0,0,0,0,0,0,0,0,0,0,0,0,0,0
R-HSA-5654695,0,0,0,0,0,0,0,0,0,0,0,0,0,0
R-HSA-5654699,0,0,0,0,0,0,0,0,0,0,0,0,0,0
R-HSA-5654700,0,0,0,0,0,0,0,0,0,0,0,0,0,0
R-HSA-5654704,0,0,0,0,0,0,0,0,0,0,0,0,0,0
R-HSA-5654706,0,0,0,0,0,0,0,0,0,0,0,0,0,0
R-HSA-5654710,0,0,0,0,0,0,0,0,0,0,0,0,0,0
R-HSA-5654712,0,0,0,0,0,0,0,0,0,0,0,0,0,0
R-HSA-5654719,0,0,0,0,0,0,0,0,0,0,0,0,0,0
R-HSA-5654720,0,0,0,0,0,0,0,0,0,0,0,0,0,0
R-HSA-5654726,0,0,0,0,0,0,0,0,0,0,0,0,0,0
R-HSA-5654727,0,0,0,0,0,0,0,0,0,0,0,0,0,0
R-HSA-5654732,0,0,0,0,0,0,0,0,0,0,0,0,0,0
R-HSA-5654733,0,0,0,0,0,0,0,0,0,0,0,0,0,0
R-HSA-5655253,0,0,0,0,0,0,0,0,0,0,0,0,0,0
R-HSA-5655291,0,0,0,0,0,0,0,0,0,0,0,0,0,0
R-HSA-5655302,0,0,0,0,0,0,0,0,0,0,0,0,0,0
R-HSA-5655799,0,0,0,0,0,0,0,0,0,0,0,0,0,0
R-HSA-5655862,0,0,0,0,0,0,0,0,0,0,0,0,0,0
R-HSA-5656121,0,0,0,0,0,0,0,0,0,0,0,0,0,0
R-HSA-5656169,0,0,0,0,0,0,0,0,0,0,0,0,0,0
R-HSA-5656364,0,0,0,0,0,0,0,0,0,0,0,0,0,0
R-HSA-5657560,0,0,0,0,0,0,0,0,0,0,0,0,0,0
R-HSA-5657562,0,0,0,0,0,0,0,0,0,0,0,0,0,0
R-HSA-5657655,0,0,0,0,0,0,0,0,0,0,0,0,0,0
R-HSA-5658208,0,0,0,0,0,0,0,0,0,0,0,0,0,0
R-HSA-5658442,0,0,0,0,0,0,0,0,0,0,0,0,0,0
R-HSA-5658471,0,0,0,0,0,0,0,0,0,0,0,0,0,0
R-HSA-5658623,0,0,0,0,0,0,0,0,0,0,0,0,0,0
R-HSA-5659729,0,0,0,0,0,0,0,0,0,0,0,0,0,0
R-HSA-5659735,0,0,0,0,0,0,0,0,0,0,0,0,0,0
R-HSA-5659898,0,0,0,0,0,0,0,0,0,0,0,0,0,0
R-HSA-5659996,0,0,0,0,0,0,0,0,0,0,0,0,0,0
R-HSA-5660489,0,0,0,0,0,0,0,0,0,0,0,0,0,0
R-HSA-5660686,0,0,0,0,0,0,0,0,0,0,0,0,0,0
R-HSA-5660724,0,0,0,0,0,0,0,0,0,0,0,0,0,0
R-HSA-5660862,0,0,0,0,0,0,0,0,0,0,0,0,0,0
R-HSA-5660883,0,0,0,0,0,0,0,0,0,0,0,0,0,0
R-HSA-5661182,0,0,0,0,0,0,0,0,0,0,0,0,0,0
R-HSA-5661231,0,0,0,0,0,0,0,0,0,0,0,0,0,0
R-HSA-5661270,0,0,0,0,0,0,0,0,0,0,0,0,0,0
R-HSA-5662702,0,0,0,0,0,0,0,0,0,0,0,0,0,0
R-HSA-5662853,0,0,0,0,0,0,0,0,0,0,0,0,0,0
R-HSA-5663020,0,0,0,0,0,0,0,0,0,0,0,0,0,0
R-HSA-5663213,0,0,0,0,0,0,0,0,0,0,0,0,0,0
R-HSA-5663220,0,0,0,0,0,0,0,0,0,0,0,0,0,0
R-HSA-5666185,0,0,0,0,0,0,0,0,0,0,0,0,0,0
R-HSA-5668599,0,0,0,0,0,0,0,0,0,0,0,0,0,0
R-HSA-5673000,0,0,0,0,0,0,0,0,0,0,0,0,0,0
R-HSA-5673001,0,0,0,0,0,0,0,0,0,0,0,0,0,0
R-HSA-5674135,0,0,0,0,0,0,0,0,0,0,0,0,0,0
R-HSA-5674400,0,0,0,0,0,0,0,0,0,0,1,0,0,0
R-HSA-5674404,0,0,0,0,0,0,0,0,0,0,0,0,0,0
R-HSA-5674499,0,0,0,0,0,0,0,0,0,0,0,0,0,0
R-HSA-5675221,0,0,0,0,0,0,0,0,0,0,0,0,0,0
R-HSA-5676590,0,0,0,0,0,0,0,0,0,0,0,0,0,0
R-HSA-5676934,0,0,0,0,0,0,0,0,0,0,0,0,0,0
R-HSA-5678420,0,0,0,0,0,0,0,0,0,0,0,0,0,0
R-HSA-5678520,0,0,0,0,0,0,0,0,0,0,0,0,0,0
R-HSA-5678771,0,0,0,0,0,0,0,0,0,0,0,0,0,0
R-HSA-5678895,0,0,0,0,0,0,0,0,0,0,0,0,0,0
R-HSA-5679001,0,0,0,0,0,0,0,0,0,0,0,0,0,0
R-HSA-5679090,0,0,0,0,0,0,0,0,0,0,0,0,0,0
R-HSA-5679096,0,0,0,0,0,0,0,0,0,0,0,0,0,0
R-HSA-5682113,0,0,0,0,0,0,0,0,0,0,0,0,0,0
R-HSA-5682294,0,0,0,0,0,0,0,0,0,0,0,0,0,0
R-HSA-5683177,0,0,0,0,0,0,0,0,0,0,0,0,0,0
R-HSA-5683329,0,0,0,0,0,0,0,0,0,0,0,0,0,0
R-HSA-5683371,0,0,0,0,0,0,0,0,0,0,0,0,0,0
R-HSA-5683678,0,0,0,0,0,0,0,0,0,0,0,0,0,0
R-HSA-5683826,0,0,0,0,0,0,0,0,0,0,0,0,0,0
R-HSA-5684045,0,0,0,0,0,0,0,0,0,0,0,0,0,0
R-HSA-5684264,0,0,0,0,0,0,0,0,0,0,0,0,0,0
R-HSA-5685938,0,0,0,0,0,0,0,0,0,0,0,0,0,0
R-HSA-5685939,0,0,0,0,0,0,0,0,0,0,0,0,0,0
R-HSA-5685942,0,0,0,0,0,0,0,0,0,0,0,0,0,0
R-HSA-5686938,0,0,0,0,0,0,0,0,0,0,0,0,0,0
R-HSA-5687128,0,0,0,0,0,0,0,0,0,0,0,0,0,0
R-HSA-5687583,0,0,0,0,0,0,0,0,0,0,0,0,0,0
R-HSA-5688399,0,0,0,0,0,0,0,0,0,0,0,0,0,0
R-HSA-5689603,0,0,0,0,0,0,0,0,0,0,0,0,0,0
R-HSA-5689877,0,0,0,0,0,0,0,0,0,0,0,0,0,0
R-HSA-5689880,0,0,0,0,0,0,0,0,0,0,0,0,0,0
R-HSA-5689896,0,0,0,0,0,0,0,0,0,0,0,0,0,0
R-HSA-5689901,0,0,0,0,0,0,0,0,0,0,0,0,0,0
R-HSA-5690338,0,0,0,0,0,0,0,0,0,0,0,0,0,0
R-HSA-5690714,0,0,0,0,0,0,0,0,0,0,0,0,0,0
R-HSA-5693548,0,0,0,0,0,0,0,0,0,0,0,0,0,0
R-HSA-5693554,0,0,0,0,0,0,0,0,0,0,0,0,0,0
R-HSA-5693565,0,0,0,0,0,0,0,0,0,0,0,0,0,0
R-HSA-5693568,0,0,0,0,0,0,0,0,0,0,0,0,0,0
R-HSA-5693571,0,0,0,0,0,0,0,0,0,0,0,0,0,0
R-HSA-5693607,0,0,0,0,0,0,0,0,0,0,0,0,0,0
R-HSA-5693616,0,0,0,0,0,0,0,0,0,0,0,0,0,0
R-HSA-5694530,0,0,0,0,0,0,0,0,0,0,0,0,0,0
R-HSA-5696394,0,0,0,0,0,0,0,0,0,0,0,0,0,0
R-HSA-5696395,0,0,0,0,0,0,0,0,0,0,0,0,0,0
R-HSA-5696397,0,0,0,0,0,0,0,0,0,0,0,0,0,0
R-HSA-606279,0,0,0,0,0,0,0,0,0,0,0,0,0,0
R-HSA-611105,0,0,0,0,0,0,0,0,0,0,0,0,0,0
R-HSA-629587,0,0,0,0,0,0,0,0,0,0,0,0,0,0
R-HSA-629594,0,0,0,0,0,0,0,0,0,0,0,0,0,0
R-HSA-629597,0,0,0,0,0,0,0,0,0,0,0,0,0,0
R-HSA-674695,0,0,0,0,0,0,0,0,0,0,0,0,0,0
R-HSA-6781823,0,0,0,0,0,0,0,0,0,0,0,0,0,0
R-HSA-6782135,0,0,0,0,0,0,0,0,0,0,0,0,0,0
R-HSA-6782210,0,0,0,0,0,0,0,0,0,0,0,0,0,0
R-HSA-6782315,0,0,0,0,0,0,0,0,0,0,0,0,0,0
R-HSA-6782861,0,0,0,0,0,0,0,0,0,0,0,0,0,0
R-HSA-6783310,0,0,0,0,0,0,0,0,0,0,0,0,0,0
R-HSA-6783783,0,0,0,0,0,0,0,0,0,0,0,0,0,0
R-HSA-6783984,0,0,0,0,0,0,0,0,0,0,0,0,0,0
R-HSA-6784531,0,0,0,0,0,0,0,0,0,0,0,0,0,0
R-HSA-6785470,0,0,0,0,0,0,0,0,0,0,0,0,0,0
R-HSA-6785631,0,0,0,0,0,0,0,0,0,0,0,0,0,0
R-HSA-6785807,0,0,0,0,0,0,0,0,0,0,0,0,0,0
R-HSA-6787450,0,0,0,0,0,0,0,0,0,0,0,0,0,0
R-HSA-6787639,0,0,0,0,0,0,0,0,0,0,0,0,0,0
R-HSA-6790901,0,0,0,0,0,0,0,0,0,0,0,0,0,0
R-HSA-6791055,0,0,0,0,0,0,0,0,0,0,0,0,0,0
R-HSA-6791461,0,0,0,0,0,0,0,0,0,0,0,0,0,0
R-HSA-6791462,0,0,0,0,0,0,0,0,0,0,0,0,0,0
R-HSA-6793080,0,0,0,0,0,0,0,0,0,0,0,0,0,0
R-HSA-6796648,0,0,0,0,0,0,0,0,0,0,0,0,0,0
R-HSA-6798163,0,0,0,0,0,0,0,0,0,0,0,0,0,0
R-HSA-6799198,0,0,0,0,0,0,0,0,0,0,0,0,0,0
R-HSA-6799990,0,0,0,0,0,0,0,0,0,0,0,0,0,0
R-HSA-6802946,0,0,0,0,0,0,0,0,0,0,0,0,0,0
R-HSA-6802948,0,0,0,0,0,0,0,0,0,0,0,0,1,0
R-HSA-6802949,0,0,0,0,0,0,0,0,0,0,0,0,0,0
R-HSA-6802952,0,0,0,0,0,0,0,0,0,0,0,0,0,0
R-HSA-6802953,0,0,0,0,0,0,0,0,0,0,0,0,0,0
R-HSA-6802955,0,0,0,0,0,0,0,0,0,0,0,0,1,0
R-HSA-6803157,0,0,0,0,0,0,0,0,0,0,0,0,0,0
R-HSA-6803204,0,0,0,0,0,0,0,0,0,0,0,0,0,0
R-HSA-6803205,0,0,0,0,0,0,0,0,0,0,0,0,0,0
R-HSA-6803207,0,0,0,0,0,0,0,0,0,0,0,0,0,0
R-HSA-6803544,0,0,0,0,0,0,0,0,0,0,0,0,0,0
R-HSA-6804115,0,0,0,0,0,0,0,0,0,0,0,0,0,0
R-HSA-6804756,0,0,0,0,0,0,0,0,0,0,0,0,0,0
R-HSA-6804757,0,0,0,0,0,0,0,0,0,0,0,0,0,0
R-HSA-6804758,0,0,0,0,0,0,0,0,0,0,0,0,0,0
R-HSA-6804759,0,0,0,0,0,0,0,0,0,0,0,0,0,0
R-HSA-6804760,0,0,0,0,0,0,0,0,0,0,0,0,0,0
R-HSA-6806664,0,0,0,0,0,0,0,0,0,0,0,0,0,0
R-HSA-6806942,0,0,0,0,0,0,0,0,0,0,0,0,0,0
R-HSA-6807004,0,0,0,0,0,0,0,0,0,0,0,0,0,0
R-HSA-6807047,0,0,0,0,0,0,0,0,0,0,0,0,0,0
R-HSA-6807062,0,0,0,0,0,0,0,0,0,0,0,0,0,0
R-HSA-6807505,0,0,0,0,0,0,0,0,0,0,0,0,0,0
R-HSA-6807878,0,0,0,0,0,0,0,0,0,0,0,0,0,0
R-HSA-6809371,0,0,0,0,0,0,0,0,0,0,0,0,0,0
R-HSA-6809583,0,0,0,0,0,0,0,0,0,0,0,0,0,0
R-HSA-6811434,0,0,0,0,0,0,0,0,0,0,0,0,0,0
R-HSA-6811436,0,0,0,0,0,0,0,0,0,0,0,0,0,0
R-HSA-6811438,0,0,0,0,0,0,0,0,0,0,0,0,0,0
R-HSA-6811440,0,0,0,0,0,0,0,0,0,0,0,0,0,0
R-HSA-6811555,0,0,0,0,0,0,0,0,0,0,0,0,0,0
R-HSA-6811558,0,0,0,0,0,0,0,0,0,0,0,0,0,0
R-HSA-6814122,0,0,0,0,0,0,0,0,0,0,0,0,0,0
R-HSA-6814848,0,0,0,0,0,0,0,0,0,0,0,0,0,0
R-HSA-68875,0,0,0,0,0,0,0,0,0,0,0,0,0,0
R-HSA-68877,0,0,0,0,0,0,0,0,0,0,0,0,0,0
R-HSA-68881,0,0,0,0,0,0,0,0,0,0,0,0,0,0
R-HSA-68884,0,0,0,0,0,0,0,0,0,0,0,0,0,0
R-HSA-68911,0,0,0,0,0,0,0,0,0,0,0,0,0,0
R-HSA-68949,0,0,0,0,0,0,0,0,0,0,0,0,0,0
R-HSA-68952,0,0,0,0,0,0,0,0,0,0,0,0,0,0
R-HSA-68962,0,0,0,0,0,0,0,0,0,0,0,0,0,0
R-HSA-69017,0,0,0,0,0,0,0,0,0,0,0,0,0,0
R-HSA-69091,0,0,0,0,0,0,0,0,0,0,0,0,0,0
R-HSA-69166,0,0,0,0,0,0,0,0,0,0,0,0,0,0
R-HSA-69200,0,0,0,0,0,0,0,0,0,0,0,0,0,0
R-HSA-69202,0,0,0,0,0,0,0,0,0,0,0,0,0,0
R-HSA-69231,0,0,0,0,0,0,0,0,0,0,0,0,0,0
R-HSA-69273,0,0,0,0,0,0,0,0,0,0,0,0,0,0
R-HSA-69473,0,0,0,0,0,0,0,0,0,0,0,0,0,0
R-HSA-69478,0,0,0,0,0,0,0,0,0,0,0,0,0,0
R-HSA-69541,0,0,0,0,0,0,0,0,0,0,0,0,0,0
R-HSA-69601,0,0,0,0,0,0,0,0,0,0,0,0,0,0
R-HSA-69656,0,0,0,0,0,0,0,0,0,0,0,0,0,0
R-HSA-70171,0,0,0,0,0,0,0,0,0,0,0,0,0,0
R-HSA-70221,0,0,0,0,0,0,0,0,0,0,0,0,0,0
R-HSA-70263,0,0,0,0,0,0,0,0,0,0,0,0,0,0
R-HSA-70268,0,0,0,0,0,0,0,0,0,0,0,0,0,0
R-HSA-70350,0,0,0,0,0,0,0,0,0,0,0,0,0,0
R-HSA-70370,0,0,0,0,0,0,0,0,0,0,0,0,0,0
R-HSA-70635,0,0,0,0,0,0,0,0,0,0,0,0,0,0
R-HSA-70688,0,0,0,0,0,0,0,0,0,0,0,0,0,0
R-HSA-70895,0,0,0,0,0,0,0,0,0,0,0,0,0,0
R-HSA-70921,0,0,0,0,0,0,0,0,0,0,0,0,0,0
R-HSA-71032,0,0,0,0,0,0,0,0,0,0,0,0,0,0
R-HSA-71064,0,0,0,0,0,0,0,0,0,0,0,0,0,0
R-HSA-71240,0,0,0,0,0,0,0,0,0,0,0,0,0,0
R-HSA-71262,0,0,0,0,0,0,0,0,0,0,0,0,0,0
R-HSA-71288,0,0,0,0,0,0,0,0,0,0,0,0,0,0
R-HSA-71336,0,0,0,0,0,0,0,0,0,0,0,0,0,0
R-HSA-71384,0,0,0,0,0,0,0,0,0,0,0,0,0,0
R-HSA-71403,0,0,0,0,0,0,0,0,0,0,0,0,0,0
R-HSA-71737,0,0,0,0,0,0,0,0,0,0,0,0,0,0
R-HSA-72086,0,0,0,0,0,0,0,0,0,0,0,0,0,0
R-HSA-72187,0,0,0,0,0,0,0,0,0,0,0,0,0,0
R-HSA-72200,0,0,0,0,0,0,0,0,0,0,0,0,0,0
R-HSA-72649,0,0,0,0,0,0,0,0,0,0,0,0,0,0
R-HSA-72662,0,0,0,0,0,0,0,0,0,0,0,0,0,0
R-HSA-72695,0,0,0,0,0,0,0,0,0,0,0,0,0,0
R-HSA-72702,0,0,0,0,0,0,0,0,0,0,0,0,0,0
R-HSA-72706,0,0,0,0,0,0,0,0,0,0,0,0,0,0
R-HSA-72731,0,0,0,0,0,0,0,0,0,0,0,0,0,0
R-HSA-72764,0,0,0,0,0,0,0,0,0,0,0,0,0,0
R-HSA-727802,0,0,0,0,0,0,0,0,0,0,0,0,0,0
R-HSA-73614,0,0,0,0,0,0,0,0,0,0,0,0,0,0
R-HSA-73621,0,0,0,0,0,0,0,0,0,0,0,0,0,0
R-HSA-73728,0,0,0,0,0,0,0,0,0,0,0,0,0,0
R-HSA-73762,0,0,0,0,0,0,0,0,0,0,0,0,0,0
R-HSA-73772,0,0,0,0,0,0,0,0,0,0,0,0,0,0
R-HSA-73776,0,0,0,0,0,0,0,0,0,0,0,0,0,0
R-HSA-73780,0,0,0,0,0,0,0,0,0,0,0,0,0,0
R-HSA-73817,0,0,0,0,0,0,0,0,0,0,0,0,0,0
R-HSA-73843,0,0,0,0,0,0,0,0,0,0,0,0,0,0
R-HSA-73856,0,0,0,0,0,0,0,0,0,0,0,0,0,0
R-HSA-73930,0,0,0,0,0,0,0,0,0,0,0,0,0,0
R-HSA-73943,0,0,0,0,0,0,0,0,0,0,0,0,0,0
R-HSA-74217,0,0,0,0,0,0,0,0,0,0,0,0,0,0
R-HSA-74259,0,0,0,0,0,0,0,0,0,0,0,0,0,0
R-HSA-74713,0,0,0,0,0,0,0,0,0,0,0,0,0,0
R-HSA-74749,0,0,0,0,0,0,0,0,0,0,0,0,0,0
R-HSA-74751,0,0,0,0,0,0,0,0,0,0,0,0,0,0
R-HSA-74752,0,0,0,0,0,0,0,0,0,0,0,0,0,0
R-HSA-749476,0,0,0,0,0,0,0,0,0,0,0,0,0,0
R-HSA-75035,0,0,0,0,0,0,0,0,0,0,0,0,0,0
R-HSA-75102,0,0,0,0,0,0,0,0,0,0,0,0,0,0
R-HSA-75105,0,0,0,0,0,0,0,0,0,0,0,0,0,0
R-HSA-75109,0,0,0,0,0,0,0,0,0,0,0,0,0,0
R-HSA-75205,0,0,0,0,0,0,0,0,0,0,0,0,0,0
R-HSA-75815,0,0,0,0,0,0,0,0,0,0,0,0,0,0
R-HSA-75876,0,0,0,0,0,0,0,0,0,0,0,0,0,0
R-HSA-75892,0,0,0,0,0,0,0,0,0,0,0,0,0,0
R-HSA-75893,0,0,0,0,0,0,0,0,0,0,0,0,0,0
R-HSA-75896,0,0,0,0,0,0,0,0,0,0,0,0,0,0
R-HSA-75953,0,0,0,0,0,0,0,0,0,0,0,0,0,0
R-HSA-75955,0,0,0,0,0,0,0,0,0,0,0,0,0,0
R-HSA-76005,0,0,0,0,0,0,0,0,0,0,0,0,0,0
R-HSA-76009,0,0,0,0,0,0,0,0,0,0,0,0,0,0
R-HSA-76042,0,0,0,0,0,0,0,0,0,0,0,0,0,0
R-HSA-77075,0,0,0,0,0,0,0,0,0,0,0,0,0,0
R-HSA-77108,0,0,0,0,0,0,0,0,0,0,0,0,0,0
R-HSA-77111,0,0,0,0,0,0,0,0,0,0,0,0,0,0
R-HSA-77285,0,0,0,0,0,0,0,0,0,0,0,0,0,0
R-HSA-77288,0,0,0,0,0,0,0,0,0,0,0,0,0,0
R-HSA-77289,0,0,0,0,0,0,0,0,0,0,0,0,0,0
R-HSA-77305,0,0,0,0,0,0,0,0,0,0,0,0,0,0
R-HSA-77310,0,0,0,0,0,0,0,0,0,0,0,0,0,0
R-HSA-77346,0,0,0,0,0,0,0,0,0,0,0,0,0,0
R-HSA-77348,0,0,0,0,0,0,0,0,0,0,0,0,0,0
R-HSA-77350,0,0,0,0,0,0,0,0,0,0,0,0,0,0
R-HSA-77352,0,0,0,0,0,0,0,0,0,0,0,0,0,0
R-HSA-77387,0,0,0,0,0,0,0,0,0,0,0,0,0,0
R-HSA-804914,0,0,0,0,0,0,0,0,0,0,0,0,0,0
R-HSA-83936,0,0,0,0,0,0,0,0,0,0,0,0,0,0
R-HSA-844455,0,0,0,0,0,0,0,0,0,0,0,0,0,0
R-HSA-844456,0,0,0,0,0,0,0,0,0,0,0,0,0,0
R-HSA-844615,0,0,0,0,0,0,0,0,0,0,0,0,0,0
R-HSA-877300,0,0,0,0,0,0,0,0,0,0,0,0,0,0
R-HSA-877312,0,0,0,0,0,0,0,0,0,0,0,0,0,0
R-HSA-879415,0,0,0,0,0,0,0,0,0,0,0,0,0,0
R-HSA-879518,0,0,0,0,0,0,0,0,0,0,0,0,0,0
R-HSA-880009,0,0,0,0,0,0,0,0,0,0,0,0,0,0
R-HSA-881907,0,0,0,0,0,0,0,0,0,0,0,0,0,0
R-HSA-8847453,0,0,0,0,0,0,0,0,0,0,0,0,0,0
R-HSA-8847993,0,0,0,0,0,0,0,0,0,0,0,0,0,0
R-HSA-8849175,0,0,0,0,0,0,0,0,0,0,0,0,0,0
R-HSA-8849468,0,0,0,0,0,0,0,0,0,0,0,0,0,0
R-HSA-8849469,0,0,0,0,0,0,0,0,0,0,0,0,0,0
R-HSA-8849470,0,0,0,0,0,0,0,0,0,0,0,0,0,0
R-HSA-8849471,0,0,0,0,0,0,0,0,0,0,0,0,0,0
R-HSA-8849472,0,0,0,0,0,0,0,0,0,0,0,0,0,0
R-HSA-8849473,0,0,0,0,0,0,0,0,0,0,0,0,0,0
R-HSA-8849474,0,0,0,0,0,0,0,0,0,0,0,0,0,0
R-HSA-8849932,0,0,0,0,0,0,0,0,0,0,0,0,0,0
R-HSA-8850843,0,0,0,0,0,0,0,0,0,0,0,0,0,0
R-HSA-8851708,0,0,0,0,0,0,0,0,0,0,0,0,0,0
R-HSA-8851805,0,0,0,0,0,0,0,0,0,0,0,0,0,0
R-HSA-8851907,0,0,0,0,0,0,0,0,0,0,0,0,0,0
R-HSA-8852276,0,0,0,0,0,0,0,0,0,0,0,0,0,0
R-HSA-8852405,0,0,0,0,0,0,0,0,0,0,0,0,0,0
R-HSA-8853333,0,0,0,0,0,0,0,0,0,0,0,0,0,0
R-HSA-8853334,0,0,0,0,0,0,0,0,0,0,0,0,0,0
R-HSA-8853336,0,0,0,0,0,0,0,0,0,0,0,0,0,0
R-HSA-8853338,0,0,0,0,0,0,0,0,0,0,0,0,0,0
R-HSA-8853383,0,0,0,0,0,0,0,0,0,0,0,0,0,0
R-HSA-8853659,0,0,0,0,0,0,0,0,0,0,0,0,0,0
R-HSA-8854214,0,0,0,0,0,0,0,0,0,0,0,0,0,0
R-HSA-8854518,0,0,0,0,0,0,0,0,0,0,0,0,0,0
R-HSA-8854521,0,0,0,0,0,0,0,0,0,0,0,0,0,0
R-HSA-8854691,0,0,0,0,0,0,0,0,0,0,0,0,0,0
R-HSA-8856825,0,0,0,0,0,0,0,0,0,0,0,0,0,0
R-HSA-8856828,0,0,0,0,0,0,0,0,0,0,0,0,0,0
R-HSA-8857538,0,0,0,0,0,0,0,0,0,0,0,0,0,0
R-HSA-8862803,0,0,0,0,0,0,0,0,0,0,0,0,0,0
R-HSA-8863795,0,0,0,0,0,0,0,0,0,0,0,0,0,0
R-HSA-8866376,0,0,0,0,0,0,0,0,0,0,0,0,0,0
R-HSA-8866423,0,0,0,0,0,0,0,0,0,0,0,0,0,0
R-HSA-8866652,0,0,0,0,0,0,0,0,0,0,0,0,0,0
R-HSA-8866654,0,0,0,0,0,0,0,0,0,0,0,0,0,0
R-HSA-8868766,0,0,0,0,0,0,0,0,0,0,0,0,0,0
R-HSA-8869496,0,1,0,0,0,0,0,0,0,0,0,0,0,0
R-HSA-8873719,0,0,0,0,0,0,0,0,0,0,0,0,0,0
R-HSA-8874081,0,0,0,0,0,0,0,0,0,0,0,0,0,0
R-HSA-8875360,0,0,0,0,0,0,0,0,0,0,0,0,0,0
R-HSA-8875555,0,0,0,0,0,0,0,0,0,0,0,0,0,0
R-HSA-8875656,0,0,0,0,0,0,0,0,0,0,0,0,0,0
R-HSA-8875791,0,0,0,0,0,0,0,0,0,0,0,0,0,0
R-HSA-8876198,0,0,0,0,0,0,0,0,0,0,0,0,0,0
R-HSA-8876493,0,0,0,0,0,0,0,0,0,0,0,0,0,0
R-HSA-8876725,0,0,0,0,0,0,0,0,0,0,0,0,0,0
R-HSA-8877627,0,0,0,0,0,0,0,0,0,0,0,0,0,0
R-HSA-8878166,0,0,0,0,0,0,0,0,0,0,0,0,0,0
R-HSA-888568,0,0,0,0,0,0,0,0,0,0,0,0,0,0
R-HSA-888590,0,0,0,0,0,0,0,0,0,0,0,0,0,0
R-HSA-888593,0,0,0,0,0,0,0,0,0,0,0,0,0,0
R-HSA-8931987,0,0,0,0,0,0,0,0,0,0,0,0,0,0
R-HSA-8934593,0,0,0,0,0,0,0,0,0,0,0,0,0,0
R-HSA-8934903,0,0,0,0,0,0,0,0,0,0,0,0,0,0
R-HSA-8935690,0,0,0,0,0,0,0,0,0,0,0,0,0,0
R-HSA-8936459,0,0,0,0,0,0,0,0,0,0,0,0,0,0
R-HSA-8937144,0,0,0,0,0,0,0,0,0,0,0,0,0,0
R-HSA-8939211,0,0,0,0,0,0,0,0,0,0,0,0,0,0
R-HSA-8939236,0,0,0,0,0,0,0,0,0,0,0,0,0,0
R-HSA-8939243,0,0,0,0,0,0,0,0,0,0,0,0,0,0
R-HSA-8939256,0,0,0,0,0,0,0,0,0,0,0,0,0,0
R-HSA-8939902,0,0,0,0,0,0,0,0,0,0,0,0,0,0
R-HSA-8940973,0,0,0,0,0,0,0,0,0,0,0,0,0,0
R-HSA-8941237,0,0,0,0,0,0,0,0,0,0,0,0,0,0
R-HSA-8941332,0,0,0,0,0,0,0,0,0,0,0,0,0,0
R-HSA-8941413,0,0,0,0,0,0,0,0,0,0,0,0,0,0
R-HSA-8941858,0,0,0,0,0,0,0,0,0,0,0,0,0,0
R-HSA-8943724,0,0,0,0,0,0,0,0,0,0,0,0,0,0
R-HSA-8948747,0,0,0,0,0,0,0,0,0,0,0,0,0,0
R-HSA-8948751,0,0,0,0,0,0,0,0,0,0,0,0,0,0
R-HSA-8949215,0,0,0,0,0,0,0,0,0,0,0,0,0,0
R-HSA-8949664,0,0,0,0,0,0,0,0,0,0,0,0,0,0
R-HSA-8951664,0,0,0,0,0,0,0,0,0,0,0,0,0,0
R-HSA-8951936,0,0,0,0,0,0,0,0,0,0,0,0,0,0
R-HSA-8953750,0,0,0,0,0,0,0,0,0,0,0,0,0,0
R-HSA-8955332,0,0,0,0,0,0,0,0,0,0,0,0,0,0
R-HSA-8956319,0,0,0,0,0,0,0,0,0,0,0,0,0,0
R-HSA-8957275,0,0,0,0,0,0,0,0,0,0,0,0,0,0
R-HSA-8963678,0,0,0,0,0,0,0,0,0,0,0,0,0,0
R-HSA-8963684,0,0,0,0,0,0,0,0,0,0,0,0,0,0
R-HSA-8963693,0,0,0,0,0,0,0,0,0,0,0,0,0,0
R-HSA-8963888,0,0,0,0,0,0,0,0,0,0,0,0,0,0
R-HSA-8963889,0,0,0,0,0,0,0,0,0,0,0,0,0,0
R-HSA-8963896,0,0,0,0,0,0,0,0,0,0,0,0,0,0
R-HSA-8963901,0,0,0,0,0,0,0,0,0,0,0,0,0,0
R-HSA-8964011,0,0,0,0,0,0,0,0,0,0,0,0,0,0
R-HSA-8964026,0,0,0,0,0,0,0,0,0,0,0,0,0,0
R-HSA-8964038,0,0,0,0,0,0,0,0,0,0,0,0,0,0
R-HSA-8964041,0,0,0,0,0,0,0,0,0,0,0,0,0,0
R-HSA-8964046,0,0,0,0,0,0,0,0,0,0,0,0,0,0
R-HSA-8964058,0,0,0,0,0,0,0,0,0,0,0,0,0,0
R-HSA-8964208,0,0,0,0,0,0,0,0,0,0,0,0,0,0
R-HSA-8964315,0,0,0,0,0,0,0,0,0,0,0,0,0,0
R-HSA-8964539,0,0,0,0,0,0,0,0,0,0,0,0,0,0
R-HSA-8964540,0,0,0,0,0,0,0,0,0,0,0,0,0,0
R-HSA-8964572,0,0,0,0,0,0,0,0,0,0,0,0,0,0
R-HSA-8964616,0,0,0,0,0,0,0,0,0,0,0,0,0,0
R-HSA-8981373,0,0,0,0,0,0,0,0,0,0,0,0,0,0
R-HSA-8981607,0,0,0,0,0,0,0,0,0,0,0,0,0,0
R-HSA-8983432,0,0,0,0,0,0,0,0,0,0,0,0,0,0
R-HSA-8983711,0,0,0,0,0,0,0,0,0,0,0,0,0,0
R-HSA-8984722,0,0,0,0,0,0,0,0,0,0,0,0,0,0
R-HSA-8985586,0,0,0,0,0,0,0,0,0,0,0,0,0,0
R-HSA-8985947,0,0,0,0,0,0,0,0,0,0,0,0,0,0
R-HSA-9006335,0,0,0,0,0,0,0,0,0,0,0,0,0,0
R-HSA-9007892,0,0,0,0,0,0,0,0,0,0,0,0,0,0
R-HSA-9008059,0,0,0,0,0,0,0,0,0,0,0,0,0,0
R-HSA-9009391,0,0,0,0,0,0,0,0,0,0,0,0,0,0
R-HSA-901032,0,0,0,0,0,0,0,0,0,0,0,0,0,0
R-HSA-901042,0,0,0,0,0,0,0,0,0,0,0,0,0,0
R-HSA-9010553,0,0,0,0,0,0,0,0,0,0,0,0,0,0
R-HSA-9010642,0,0,0,0,0,0,0,0,0,0,0,0,0,0
R-HSA-9013507,0,0,0,0,0,0,0,0,0,0,0,0,0,0
R-HSA-9013700,0,0,0,0,0,0,0,0,0,0,0,0,0,0
R-HSA-9013957,0,0,0,0,0,0,0,0,0,0,0,0,0,0
R-HSA-9013973,0,0,0,0,0,0,0,0,0,0,0,0,0,0
R-HSA-9014325,0,0,0,0,0,0,0,0,0,0,0,0,0,0
R-HSA-9018519,0,0,0,0,0,0,0,0,0,0,0,0,0,0
R-HSA-9018676,0,0,0,0,0,0,0,0,0,0,0,0,0,0
R-HSA-9018677,0,0,0,0,0,0,0,0,0,0,0,0,0,0
R-HSA-9018679,0,0,0,0,0,0,0,0,0,0,0,0,0,0
R-HSA-9018681,0,0,0,0,0,0,0,0,0,0,0,0,0,0
R-HSA-9018682,0,0,0,0,0,0,0,0,0,0,0,0,0,0
R-HSA-9018896,0,0,0,0,0,0,0,0,0,0,0,0,0,0
R-HSA-9020265,0,0,0,0,0,0,0,0,0,0,0,0,0,0
R-HSA-9020558,0,0,0,0,0,0,0,0,0,0,0,0,0,0
R-HSA-9020591,0,0,0,0,0,0,0,0,0,0,0,0,0,0
R-HSA-9020702,0,0,0,0,0,0,0,0,0,0,0,0,0,0
R-HSA-9020933,0,0,0,0,0,0,0,0,0,0,0,0,0,0
R-HSA-9020956,0,0,0,0,0,0,0,0,0,0,0,0,0,0
R-HSA-9020958,0,0,0,0,0,0,0,0,0,0,0,0,0,0
R-HSA-9022535,0,0,0,0,0,0,0,0,0,0,0,0,0,0
R-HSA-9022692,0,0,0,0,0,0,0,0,0,0,0,0,0,0
R-HSA-9023661,0,0,0,0,0,0,0,0,0,0,0,0,0,0
R-HSA-9024909,0,0,0,0,0,0,0,0,0,0,0,0,0,0
R-HSA-9025046,0,0,0,0,0,0,0,0,0,0,0,0,0,0
R-HSA-9025094,0,0,0,0,0,0,0,0,0,0,0,0,0,0
R-HSA-9025106,0,0,0,0,0,0,0,0,0,0,0,0,0,0
R-HSA-9026286,0,0,0,0,0,0,0,0,0,0,0,0,0,0
R-HSA-9026290,0,0,0,0,0,0,0,0,0,0,0,0,0,0
R-HSA-9026357,0,0,0,0,0,0,0,0,0,0,0,0,0,0
R-HSA-9026395,0,0,0,0,0,0,0,0,0,0,0,0,0,0
R-HSA-9026403,0,0,0,0,0,0,0,0,0,0,0,0,0,0
R-HSA-9026519,0,0,0,0,0,0,0,0,0,0,0,0,0,0
R-HSA-9026527,0,0,0,0,0,0,0,0,0,0,0,0,0,0
R-HSA-9026762,0,0,0,0,0,0,0,0,0,0,0,0,0,0
R-HSA-9026766,0,0,0,0,0,0,0,0,0,0,0,0,0,0
R-HSA-9027276,0,0,0,0,0,0,0,0,0,0,0,0,0,0
R-HSA-9027277,0,0,0,0,0,0,0,0,0,0,0,0,0,0
R-HSA-9027283,0,0,0,0,0,0,0,0,0,0,0,0,0,0
R-HSA-9027284,0,0,0,0,0,0,0,0,0,0,0,0,0,0
R-HSA-9027307,0,0,0,0,0,0,0,0,0,0,0,0,0,0
R-HSA-9027604,0,0,0,0,0,0,0,0,0,0,0,0,0,0
R-HSA-9028335,0,0,0,0,0,0,0,0,0,0,0,0,0,0
R-HSA-9028731,0,0,0,0,0,0,0,0,0,0,0,0,0,0
R-HSA-9032500,0,0,0,0,0,0,0,0,0,0,0,0,0,0
R-HSA-9032759,0,0,0,0,0,0,0,0,0,0,0,0,0,0
R-HSA-9032845,0,0,0,0,0,0,0,0,0,0,0,0,0,0
R-HSA-9033241,0,0,0,0,0,0,0,0,0,0,0,0,0,0
R-HSA-9033500,0,0,0,0,0,0,0,0,0,0,0,0,0,0
R-HSA-9033807,0,0,0,0,0,0,0,0,0,0,0,0,0,0
R-HSA-9034013,0,0,0,0,0,0,0,0,0,0,0,0,0,0
R-HSA-9034015,0,0,0,0,0,0,0,0,0,0,0,0,0,0
R-HSA-9034793,0,0,0,0,0,0,0,0,0,0,0,0,0,0
R-HSA-9034864,0,0,0,0,0,0,0,0,0,0,0,0,0,0
R-HSA-9035968,0,0,0,0,0,0,0,0,0,0,0,0,0,0
R-HSA-9037629,0,0,0,0,0,0,0,0,0,0,0,0,0,0
R-HSA-909733,0,0,0,0,0,0,0,0,0,0,0,0,0,0
R-HSA-912446,0,0,0,0,0,0,0,0,0,0,0,0,0,0
R-HSA-912526,0,0,0,0,0,0,0,0,0,0,0,0,0,0
R-HSA-912631,0,0,0,0,0,0,0,0,0,0,0,0,0,0
R-HSA-912694,0,0,0,0,0,0,0,0,0,0,0,0,0,0
R-HSA-913709,0,0,0,0,0,0,0,0,0,0,0,0,0,0
R-HSA-916853,0,0,0,0,0,0,0,0,0,0,0,0,0,0
R-HSA-917729,0,0,0,0,0,0,0,0,0,0,0,0,0,0
R-HSA-917937,0,0,0,0,0,0,0,0,0,0,0,0,0,0
R-HSA-917977,0,0,0,0,0,0,0,0,0,0,0,0,0,0
R-HSA-918233,0,0,0,0,0,0,0,0,0,0,0,0,0,0
R-HSA-933541,0,0,0,0,0,0,0,0,0,0,0,0,0,0
R-HSA-933542,0,0,0,0,0,0,0,0,0,0,0,0,0,0
R-HSA-933543,0,0,0,0,0,0,0,0,0,0,0,0,0,0
R-HSA-936440,0,0,0,0,0,0,0,0,0,0,0,0,0,0
R-HSA-936837,0,0,0,0,0,0,0,0,0,0,0,0,0,0
R-HSA-936964,0,0,0,0,0,0,0,0,0,0,0,0,0,0
R-HSA-937039,0,0,0,0,0,0,0,0,0,0,0,0,0,0
R-HSA-937041,0,0,0,0,0,0,0,0,0,0,0,0,0,0
R-HSA-937042,0,0,0,0,0,0,0,0,0,0,0,0,0,0
R-HSA-937072,0,0,0,0,0,0,0,0,0,0,0,0,0,0
R-HSA-947581,0,0,0,0,0,0,0,0,0,0,0,0,0,0
R-HSA-948021,0,0,0,0,0,0,0,0,0,0,0,0,0,0
R-HSA-9603381,0,0,0,0,0,0,0,0,0,0,0,0,0,0
R-HSA-9604323,0,0,0,0,0,0,0,0,0,0,0,0,0,0
R-HSA-9607240,0,0,0,0,0,0,0,0,0,0,0,0,0,0
R-HSA-9609523,0,0,0,0,0,0,0,0,0,0,0,0,0,0
R-HSA-9609736,0,0,0,0,0,0,0,0,0,0,0,0,0,0
R-HSA-9613354,0,0,0,0,0,0,0,0,0,0,0,0,0,0
R-HSA-9613829,0,0,0,0,0,0,0,0,0,0,0,0,0,0
R-HSA-9614399,0,0,0,0,0,0,0,0,0,0,0,0,0,0
R-HSA-9615017,0,0,0,0,0,0,0,0,0,0,0,0,0,0
R-HSA-9615710,0,0,0,0,0,0,0,0,0,0,0,0,0,0
R-HSA-9616222,0,1,0,0,0,0,0,0,0,0,0,0,0,0
R-HSA-9617324,0,0,0,0,0,0,0,0,0,0,0,0,0,0
R-HSA-9617629,0,0,0,0,0,0,0,0,0,0,0,0,0,0
R-HSA-9619229,0,0,0,0,0,0,0,0,0,0,0,0,0,0
R-HSA-9619483,0,0,0,0,0,0,0,0,0,0,0,0,0,0
R-HSA-9620244,0,0,0,0,0,0,0,0,0,0,0,0,0,0
R-HSA-9627069,0,0,0,0,0,0,0,0,0,0,0,0,0,0
R-HSA-9634600,0,0,0,0,0,0,0,0,0,0,0,0,0,0
R-HSA-9634635,0,0,0,0,0,0,0,0,0,0,0,0,0,0
R-HSA-9634638,0,0,0,0,0,0,0,0,0,0,0,0,0,0
R-HSA-9640463,0,0,0,0,0,0,0,0,0,0,0,0,0,0
R-HSA-9645135,0,0,0,0,0,0,0,0,0,0,0,0,0,0
R-HSA-964739,0,0,0,0,0,0,0,0,0,0,0,0,0,0
R-HSA-964827,0,0,0,0,0,0,0,0,0,0,0,0,0,0
R-HSA-964975,0,0,0,0,0,0,0,0,0,0,0,0,0,0
R-HSA-975110,0,0,0,0,0,0,0,0,0,0,0,0,0,0
R-HSA-975138,0,0,0,0,0,0,0,0,0,0,0,0,0,0
R-HSA-975144,0,0,0,0,0,0,0,0,0,0,0,0,0,0
R-HSA-975155,0,0,0,0,0,0,0,0,0,0,0,0,0,0
R-HSA-975163,0,0,0,0,0,0,0,0,0,0,0,0,0,0
R-HSA-975574,0,0,0,0,0,0,0,0,0,0,0,0,0,0
R-HSA-975577,0,0,0,0,0,0,0,0,0,0,0,0,0,0
R-HSA-975578,0,0,0,0,0,0,0,0,0,0,0,0,0,0
R-HSA-975634,0,1,0,0,0,0,0,0,0,0,0,0,0,0
R-HSA-975871,0,0,0,0,0,0,0,0,0,0,0,0,0,0
R-HSA-975956,0,0,0,0,0,0,0,0,0,0,0,0,0,0
R-HSA-975957,0,0,0,0,0,0,0,0,0,0,0,0,0,0
R-HSA-977068,0,0,0,0,0,0,0,0,0,0,0,0,0,0
R-HSA-977225,0,0,0,0,0,0,0,0,0,0,0,0,0,0
R-HSA-977347,0,0,0,0,0,0,0,0,0,0,0,0,0,0
R-HSA-977443,0,0,0,0,0,0,0,0,0,0,0,0,0,0
R-HSA-977444,0,0,0,0,0,0,0,0,0,0,0,0,0,0
R-HSA-977606,0,0,0,0,0,0,0,0,0,0,0,0,0,0
R-HSA-982772,0,0,0,0,0,0,0,0,0,0,0,0,0,0
R-HSA-983168,0,0,0,0,0,0,0,0,0,0,0,0,0,0
R-HSA-983170,0,0,0,0,0,0,0,0,0,0,0,0,0,0
R-HSA-983189,0,0,0,0,0,0,0,0,0,0,0,0,0,0
R-HSA-983231,0,0,0,0,0,0,0,0,0,0,0,0,0,0
R-HSA-983695,0,0,0,0,0,0,0,0,0,0,0,0,0,0
R-HSA-997272,0,0,0,0,0,0,0,0,0,0,0,0,0,0
